sampledate,year4,month,daynum,depth,wtemp,flag_wtemp
7/1/2014,2014,7,182,17,2.3,H
7/2/2014,2014,7,183,17,2.3,H
7/3/2014,2014,7,184,17,2.3,H
7/4/2014,2014,7,185,17,2.3,H
7/5/2014,2014,7,186,17,2.3,H
7/6/2014,2014,7,187,17,2.3,H
7/7/2014,2014,7,188,17,2.3,H
7/8/2014,2014,7,189,17,2.3,H
7/9/2014,2014,7,190,17,2.3,H
7/10/2014,2014,7,191,17,4.874,H
5/27/2014,2014,5,147,11,5.325,H
5/5/2014,2014,5,125,20,6.793,H
5/4/2014,2014,5,124,20,6.795,H
5/4/2014,2014,5,124,19,6.81,H
5/4/2014,2014,5,124,17,6.811,H
5/4/2014,2014,5,124,13,6.821,H
5/5/2014,2014,5,125,19,6.821,H
5/4/2014,2014,5,124,11,6.84,H
5/4/2014,2014,5,124,9,6.853,
5/4/2014,2014,5,124,18,6.859,H
5/4/2014,2014,5,124,16,6.863,H
5/4/2014,2014,5,124,14,6.884,H
5/5/2014,2014,5,125,17,6.891,H
5/4/2014,2014,5,124,10,6.902,
5/5/2014,2014,5,125,18,6.904,H
5/4/2014,2014,5,124,12,6.939,
5/4/2014,2014,5,124,8,6.968,
5/4/2014,2014,5,124,15,6.968,
5/5/2014,2014,5,125,16,6.98,H
5/4/2014,2014,5,124,7,7.006,
5/5/2014,2014,5,125,13,7.035,H
5/5/2014,2014,5,125,14,7.063,H
5/6/2014,2014,5,126,20,7.088,H
5/6/2014,2014,5,126,19,7.102,H
10/4/2014,2014,10,277,0,7.115,D
5/5/2014,2014,5,125,15,7.128,H
5/5/2014,2014,5,125,11,7.137,H
5/5/2014,2014,5,125,9,7.179,H
5/5/2014,2014,5,125,12,7.195,H
5/6/2014,2014,5,126,18,7.205,H
5/6/2014,2014,5,126,17,7.209,H
5/5/2014,2014,5,125,10,7.221,H
5/5/2014,2014,5,125,7,7.225,
5/5/2014,2014,5,125,4,7.228,
5/4/2014,2014,5,124,6,7.23,
5/5/2014,2014,5,125,8,7.258,
5/6/2014,2014,5,126,4,7.288,
5/6/2014,2014,5,126,16,7.31,H
5/6/2014,2014,5,126,13,7.32,
5/6/2014,2014,5,126,9,7.323,
5/6/2014,2014,5,126,7,7.325,
5/6/2014,2014,5,126,11,7.345,
5/4/2014,2014,5,124,5,7.352,
5/5/2014,2014,5,125,6,7.355,
5/6/2014,2014,5,126,14,7.359,
5/5/2014,2014,5,125,0.5,7.363,
5/4/2014,2014,5,124,4,7.372,
5/5/2014,2014,5,125,5,7.373,
5/6/2014,2014,5,126,8,7.373,
5/6/2014,2014,5,126,10,7.403,
5/5/2014,2014,5,125,1,7.404,
5/6/2014,2014,5,126,0.5,7.404,
5/5/2014,2014,5,125,3,7.409,
5/6/2014,2014,5,126,6,7.431,
5/5/2014,2014,5,125,0,7.432,
5/6/2014,2014,5,126,15,7.439,
5/6/2014,2014,5,126,12,7.441,
5/7/2014,2014,5,127,4,7.444,
5/6/2014,2014,5,126,5,7.446,
5/6/2014,2014,5,126,1,7.448,
5/6/2014,2014,5,126,3,7.456,
5/5/2014,2014,5,125,1.5,7.462,
5/7/2014,2014,5,127,9,7.471,
5/7/2014,2014,5,127,7,7.486,
5/6/2014,2014,5,126,0,7.489,
5/7/2014,2014,5,127,11,7.496,
5/7/2014,2014,5,127,13,7.5,
5/7/2014,2014,5,127,19,7.5,
5/6/2014,2014,5,126,1.5,7.506,
5/7/2014,2014,5,127,17,7.517,
5/7/2014,2014,5,127,8,7.521,
5/7/2014,2014,5,127,18,7.541,
5/5/2014,2014,5,125,2,7.542,
5/7/2014,2014,5,127,10,7.544,
10/10/2014,2014,10,283,0,7.555,D
5/7/2014,2014,5,127,14,7.562,
5/7/2014,2014,5,127,0.5,7.567,
5/7/2014,2014,5,127,16,7.586,
5/6/2014,2014,5,126,2,7.587,
5/7/2014,2014,5,127,6,7.592,
5/7/2014,2014,5,127,20,7.593,
5/7/2014,2014,5,127,12,7.606,
5/7/2014,2014,5,127,5,7.61,
5/8/2014,2014,5,128,9,7.612,
5/7/2014,2014,5,127,3,7.616,
5/7/2014,2014,5,127,1,7.621,
5/8/2014,2014,5,128,19,7.628,
5/8/2014,2014,5,128,7,7.64,
5/8/2014,2014,5,128,11,7.655,
5/8/2014,2014,5,128,8,7.656,
5/8/2014,2014,5,128,20,7.658,
5/7/2014,2014,5,127,15,7.662,
5/8/2014,2014,5,128,17,7.663,
5/7/2014,2014,5,127,1.5,7.668,
5/8/2014,2014,5,128,18,7.68,
5/8/2014,2014,5,128,10,7.694,
5/8/2014,2014,5,128,13,7.701,
5/7/2014,2014,5,127,0,7.707,
5/8/2014,2014,5,128,14,7.732,
5/7/2014,2014,5,127,2,7.745,
5/8/2014,2014,5,128,12,7.763,
5/8/2014,2014,5,128,16,7.777,
5/4/2014,2014,5,124,3,7.806,
5/8/2014,2014,5,128,6,7.813,
5/8/2014,2014,5,128,15,7.835,
5/26/2014,2014,5,146,11,7.88,
5/15/2014,2014,5,135,20,7.911,
5/12/2014,2014,5,132,20,7.924,
5/16/2014,2014,5,136,20,7.924,
5/9/2014,2014,5,129,20,7.929,
5/8/2014,2014,5,128,4,7.932,
5/8/2014,2014,5,128,5,7.945,
5/14/2014,2014,5,134,20,7.973,
5/19/2014,2014,5,139,20,8.007,
5/18/2014,2014,5,138,20,8.034,
5/4/2014,2014,5,124,2,8.06,
5/4/2014,2014,5,124,1.5,8.062,
5/13/2014,2014,5,133,20,8.065,
5/11/2014,2014,5,131,20,8.066,
5/9/2014,2014,5,129,19,8.081,
5/15/2014,2014,5,135,19,8.12,
5/16/2014,2014,5,136,19,8.143,
5/12/2014,2014,5,132,19,8.16,
5/4/2014,2014,5,124,1,8.179,
5/9/2014,2014,5,129,17,8.184,
5/9/2014,2014,5,129,18,8.185,
5/15/2014,2014,5,135,18,8.204,
5/17/2014,2014,5,137,20,8.22,
5/15/2014,2014,5,135,17,8.221,
5/14/2014,2014,5,134,19,8.236,
5/16/2014,2014,5,136,18,8.238,
5/15/2014,2014,5,135,16,8.241,
5/16/2014,2014,5,136,17,8.25,
5/19/2014,2014,5,139,19,8.266,
5/13/2014,2014,5,133,19,8.274,
5/9/2014,2014,5,129,16,8.275,
5/8/2014,2014,5,128,3,8.28,
5/12/2014,2014,5,132,18,8.283,
5/16/2014,2014,5,136,16,8.292,
5/11/2014,2014,5,131,19,8.311,
5/12/2014,2014,5,132,17,8.313,
5/12/2014,2014,5,132,16,8.328,
5/10/2014,2014,5,130,20,8.342,
5/18/2014,2014,5,138,19,8.366,
5/14/2014,2014,5,134,18,8.371,
5/13/2014,2014,5,133,18,8.389,
5/12/2014,2014,5,132,13,8.401,
5/11/2014,2014,5,131,18,8.411,
5/11/2014,2014,5,131,17,8.413,
5/19/2014,2014,5,139,18,8.441,
5/11/2014,2014,5,131,16,8.443,
5/9/2014,2014,5,129,14,8.45,
5/9/2014,2014,5,129,13,8.452,
5/9/2014,2014,5,129,15,8.454,
5/12/2014,2014,5,132,14,8.462,
5/14/2014,2014,5,134,17,8.473,
5/17/2014,2014,5,137,19,8.481,
5/8/2014,2014,5,128,0.5,8.5,
5/8/2014,2014,5,128,1,8.503,
5/10/2014,2014,5,130,19,8.508,
5/11/2014,2014,5,131,13,8.51,
5/8/2014,2014,5,128,1.5,8.52,
5/15/2014,2014,5,135,15,8.521,
5/4/2014,2014,5,124,0.5,8.525,
5/12/2014,2014,5,132,15,8.526,
5/20/2014,2014,5,140,20,8.543,
5/8/2014,2014,5,128,2,8.55,
5/13/2014,2014,5,133,17,8.55,
5/27/2014,2014,5,147,20,8.556,
5/11/2014,2014,5,131,14,8.58,
5/10/2014,2014,5,130,17,8.59,
5/16/2014,2014,5,136,15,8.594,
5/10/2014,2014,5,130,18,8.595,
5/25/2014,2014,5,145,20,8.606,
5/10/2014,2014,5,130,16,8.613,
5/15/2014,2014,5,135,14,8.623,
5/26/2014,2014,5,146,20,8.627,
5/11/2014,2014,5,131,15,8.638,
5/19/2014,2014,5,139,17,8.649,
10/5/2014,2014,10,278,0,8.661,D
5/21/2014,2014,5,141,20,8.663,
5/10/2014,2014,5,130,13,8.664,
5/29/2014,2014,5,149,20,8.664,
5/23/2014,2014,5,143,20,8.667,
5/12/2014,2014,5,132,11,8.674,
5/12/2014,2014,5,132,12,8.675,
5/11/2014,2014,5,131,11,8.681,
5/11/2014,2014,5,131,9,8.684,
5/27/2014,2014,5,147,19,8.706,
5/17/2014,2014,5,137,18,8.708,
5/15/2014,2014,5,135,13,8.71,
5/18/2014,2014,5,138,18,8.716,
5/11/2014,2014,5,131,10,8.722,
5/10/2014,2014,5,130,9,8.723,
5/11/2014,2014,5,131,12,8.723,
5/10/2014,2014,5,130,7,8.728,
5/16/2014,2014,5,136,14,8.732,
5/10/2014,2014,5,130,4,8.733,
5/9/2014,2014,5,129,12,8.738,
5/10/2014,2014,5,130,14,8.748,
5/20/2014,2014,5,140,19,8.748,
5/9/2014,2014,5,129,11,8.762,
5/26/2014,2014,5,146,19,8.767,
5/28/2014,2014,5,148,20,8.776,
5/4/2014,2014,5,124,0,8.781,
5/12/2014,2014,5,132,10,8.785,
5/24/2014,2014,5,144,20,8.788,
5/25/2014,2014,5,145,19,8.791,
5/11/2014,2014,5,131,7,8.796,
5/10/2014,2014,5,130,10,8.798,
5/10/2014,2014,5,130,8,8.8,
5/10/2014,2014,5,130,11,8.804,
5/10/2014,2014,5,130,15,8.806,
5/9/2014,2014,5,129,9,8.811,
5/12/2014,2014,5,132,9,8.811,
5/11/2014,2014,5,131,8,8.814,
5/9/2014,2014,5,129,10,8.826,
5/8/2014,2014,5,128,0,8.837,
5/10/2014,2014,5,130,5,8.844,
5/10/2014,2014,5,130,6,8.844,
5/14/2014,2014,5,134,16,8.845,
5/27/2014,2014,5,147,18,8.847,
5/29/2014,2014,5,149,19,8.847,
5/23/2014,2014,5,143,19,8.864,
5/10/2014,2014,5,130,12,8.867,
5/22/2014,2014,5,142,20,8.873,
5/9/2014,2014,5,129,4,8.881,
5/9/2014,2014,5,129,7,8.892,
5/9/2014,2014,5,129,8,8.906,
5/27/2014,2014,5,147,17,8.912,
5/13/2014,2014,5,133,16,8.915,
5/26/2014,2014,5,146,18,8.921,
5/21/2014,2014,5,141,19,8.93,
5/20/2014,2014,5,140,18,8.951,
5/16/2014,2014,5,136,13,8.956,
5/25/2014,2014,5,145,18,8.961,
5/28/2014,2014,5,148,19,8.961,
5/24/2014,2014,5,144,19,8.98,
5/19/2014,2014,5,139,16,8.981,
5/26/2014,2014,5,146,17,8.984,
5/11/2014,2014,5,131,6,9.009,
5/12/2014,2014,5,132,8,9.01,
7/1/2014,2014,7,182,20,9.02,H
7/2/2014,2014,7,183,20,9.02,H
7/3/2014,2014,7,184,20,9.02,H
7/4/2014,2014,7,185,20,9.02,H
7/5/2014,2014,7,186,20,9.02,H
7/6/2014,2014,7,187,20,9.02,H
7/7/2014,2014,7,188,20,9.02,H
7/8/2014,2014,7,189,20,9.02,H
7/9/2014,2014,7,190,20,9.02,H
7/10/2014,2014,7,191,20,9.02,H
5/9/2014,2014,5,129,6,9.025,
5/9/2014,2014,5,129,0.5,9.039,
5/9/2014,2014,5,129,5,9.041,
5/23/2014,2014,5,143,18,9.05,
5/29/2014,2014,5,149,18,9.05,
5/17/2014,2014,5,137,17,9.055,
5/27/2014,2014,5,147,16,9.056,D
5/9/2014,2014,5,129,1,9.061,
5/10/2014,2014,5,130,3,9.069,
5/9/2014,2014,5,129,3,9.081,
9/12/2014,2014,9,255,0,9.082,D
5/15/2014,2014,5,135,12,9.096,
5/22/2014,2014,5,142,19,9.1,
5/25/2014,2014,5,145,17,9.105,
5/23/2014,2014,5,143,17,9.106,
5/12/2014,2014,5,132,7,9.129,
5/26/2014,2014,5,146,16,9.138,
7/1/2014,2014,7,182,19,9.14,H
7/2/2014,2014,7,183,19,9.14,H
7/3/2014,2014,7,184,19,9.14,H
7/4/2014,2014,7,185,19,9.14,H
7/5/2014,2014,7,186,19,9.14,H
7/6/2014,2014,7,187,19,9.14,H
7/7/2014,2014,7,188,19,9.14,H
7/8/2014,2014,7,189,19,9.14,H
7/9/2014,2014,7,190,19,9.14,H
7/10/2014,2014,7,191,19,9.14,H
5/9/2014,2014,5,129,1.5,9.143,
5/18/2014,2014,5,138,17,9.147,
5/24/2014,2014,5,144,18,9.154,
5/21/2014,2014,5,141,18,9.171,
5/29/2014,2014,5,149,17,9.177,
5/28/2014,2014,5,148,18,9.183,
5/9/2014,2014,5,129,0,9.185,
5/11/2014,2014,5,131,5,9.189,
5/9/2014,2014,5,129,2,9.215,
7/18/2014,2014,7,199,17,9.235,H
7/11/2014,2014,7,192,17,9.242,H
7/17/2014,2014,7,198,17,9.245,H
7/20/2014,2014,7,201,17,9.257,H
7/19/2014,2014,7,200,17,9.271,H
5/24/2014,2014,5,144,17,9.273,
7/13/2014,2014,7,194,17,9.276,H
7/16/2014,2014,7,197,17,9.276,H
5/20/2014,2014,5,140,17,9.28,
7/21/2014,2014,7,202,17,9.28,H
5/25/2014,2014,5,145,16,9.295,
5/29/2014,2014,5,149,16,9.3,
5/23/2014,2014,5,143,16,9.302,
7/22/2014,2014,7,203,17,9.305,H
5/17/2014,2014,5,137,16,9.307,
5/11/2014,2014,5,131,4,9.312,
5/15/2014,2014,5,135,11,9.316,
7/15/2014,2014,7,196,17,9.316,H
7/12/2014,2014,7,193,17,9.319,H
6/17/2014,2014,6,168,10,9.32,
5/13/2014,2014,5,133,15,9.324,
5/28/2014,2014,5,148,17,9.339,
5/22/2014,2014,5,142,18,9.345,
8/3/2014,2014,8,215,17,9.348,H
7/23/2014,2014,7,204,17,9.349,H
7/25/2014,2014,7,206,17,9.352,H
7/24/2014,2014,7,205,17,9.36,H
8/1/2014,2014,8,213,17,9.361,H
5/21/2014,2014,5,141,17,9.362,
7/27/2014,2014,7,208,17,9.373,H
5/27/2014,2014,5,147,15,9.374,
7/31/2014,2014,7,212,17,9.376,H
7/14/2014,2014,7,195,17,9.378,H
8/12/2014,2014,8,224,17,9.398,H
7/30/2014,2014,7,211,17,9.403,H
7/29/2014,2014,7,210,17,9.417,H
7/28/2014,2014,7,209,17,9.426,H
8/13/2014,2014,8,225,17,9.426,H
5/26/2014,2014,5,146,15,9.428,
8/8/2014,2014,8,220,17,9.428,H
7/26/2014,2014,7,207,17,9.429,H
8/2/2014,2014,8,214,17,9.432,H
5/24/2014,2014,5,144,16,9.435,
8/6/2014,2014,8,218,17,9.437,H
5/13/2014,2014,5,133,14,9.441,
5/14/2014,2014,5,134,15,9.45,
8/5/2014,2014,8,217,17,9.453,H
8/9/2014,2014,8,221,17,9.453,H
5/22/2014,2014,5,142,17,9.456,
8/4/2014,2014,8,216,17,9.458,H
8/15/2014,2014,8,227,17,9.463,H
5/28/2014,2014,5,148,16,9.474,
8/11/2014,2014,8,223,17,9.478,H
5/10/2014,2014,5,130,2,9.481,
5/12/2014,2014,5,132,6,9.499,
8/10/2014,2014,8,222,17,9.514,H
5/27/2014,2014,5,147,14,9.517,
8/7/2014,2014,8,219,17,9.518,H
8/16/2014,2014,8,228,17,9.521,H
5/13/2014,2014,5,133,13,9.522,
8/14/2014,2014,8,226,17,9.527,H
5/27/2014,2014,5,147,13,9.528,
9/4/2014,2014,9,247,17,9.551,
5/26/2014,2014,5,146,10,9.568,
8/23/2014,2014,8,235,17,9.582,H
5/16/2014,2014,5,136,12,9.586,
9/3/2014,2014,9,246,17,9.588,
5/22/2014,2014,5,142,16,9.593,
9/2/2014,2014,9,245,17,9.594,H
9/1/2014,2014,9,244,17,9.603,
5/26/2014,2014,5,146,14,9.606,
8/30/2014,2014,8,242,17,9.606,H
8/19/2014,2014,8,231,17,9.607,H
6/17/2014,2014,6,168,15,9.608,
5/10/2014,2014,5,130,1.5,9.611,
8/22/2014,2014,8,234,17,9.613,H
8/18/2014,2014,8,230,17,9.616,H
5/25/2014,2014,5,145,15,9.627,
8/26/2014,2014,8,238,17,9.632,
9/5/2014,2014,9,248,17,9.632,
8/17/2014,2014,8,229,17,9.635,H
8/28/2014,2014,8,240,17,9.64,H
5/29/2014,2014,5,149,15,9.645,
8/24/2014,2014,8,236,17,9.646,H
5/15/2014,2014,5,135,10,9.649,
8/31/2014,2014,8,243,17,9.649,H
8/27/2014,2014,8,239,17,9.653,H
9/6/2014,2014,9,249,17,9.653,H
5/23/2014,2014,5,143,15,9.655,
8/20/2014,2014,8,232,17,9.664,H
8/21/2014,2014,8,233,17,9.665,H
8/29/2014,2014,8,241,17,9.671,H
5/19/2014,2014,5,139,15,9.675,
5/20/2014,2014,5,140,16,9.68,
6/13/2014,2014,6,164,15,9.681,
6/18/2014,2014,6,169,15,9.7,
6/19/2014,2014,6,170,15,9.7,
6/20/2014,2014,6,171,15,9.7,
6/21/2014,2014,6,172,15,9.7,
6/22/2014,2014,6,173,15,9.7,
6/23/2014,2014,6,174,15,9.7,
6/24/2014,2014,6,175,15,9.7,
6/25/2014,2014,6,176,15,9.7,
6/26/2014,2014,6,177,15,9.7,
6/27/2014,2014,6,178,15,9.7,
6/28/2014,2014,6,179,15,9.7,
6/29/2014,2014,6,180,15,9.7,
6/30/2014,2014,6,181,15,9.7,
7/1/2014,2014,7,182,15,9.7,H
7/2/2014,2014,7,183,15,9.7,H
7/3/2014,2014,7,184,15,9.7,H
7/4/2014,2014,7,185,15,9.7,H
7/5/2014,2014,7,186,15,9.7,H
7/6/2014,2014,7,187,15,9.7,H
7/7/2014,2014,7,188,15,9.7,H
7/8/2014,2014,7,189,15,9.7,H
7/9/2014,2014,7,190,15,9.7,H
9/8/2014,2014,9,251,17,9.7,
9/9/2014,2014,9,252,17,9.7,
9/10/2014,2014,9,253,17,9.7,
5/18/2014,2014,5,138,16,9.712,
9/7/2014,2014,9,250,17,9.716,
5/14/2014,2014,5,134,14,9.723,
5/17/2014,2014,5,137,15,9.732,
8/25/2014,2014,8,237,17,9.733,H
5/27/2014,2014,5,147,12,9.739,
9/11/2014,2014,9,254,17,9.749,
5/12/2014,2014,5,132,5,9.751,
5/25/2014,2014,5,145,14,9.753,
5/29/2014,2014,5,149,14,9.756,
5/23/2014,2014,5,143,14,9.76,
6/11/2014,2014,6,162,15,9.768,
5/28/2014,2014,5,148,15,9.772,
6/9/2014,2014,6,160,15,9.775,D
5/24/2014,2014,5,144,15,9.78,
5/11/2014,2014,5,131,3,9.792,
5/26/2014,2014,5,146,13,9.797,
9/14/2014,2014,9,257,17,9.797,
5/13/2014,2014,5,133,12,9.798,
6/17/2014,2014,6,168,14,9.801,
6/14/2014,2014,6,165,15,9.808,
9/15/2014,2014,9,258,17,9.817,
5/28/2014,2014,5,148,14,9.822,
6/13/2014,2014,6,164,14,9.826,
9/18/2014,2014,9,261,17,9.829,
5/13/2014,2014,5,133,11,9.838,
5/21/2014,2014,5,141,16,9.847,
5/14/2014,2014,5,134,13,9.85,
9/19/2014,2014,9,262,17,9.851,
5/23/2014,2014,5,143,13,9.853,
6/17/2014,2014,6,168,13,9.854,
5/12/2014,2014,5,132,4,9.857,
8/1/2014,2014,8,213,16,9.86,H
5/22/2014,2014,5,142,15,9.871,
9/17/2014,2014,9,260,17,9.871,
9/13/2014,2014,9,256,17,9.876,
5/24/2014,2014,5,144,14,9.879,
5/29/2014,2014,5,149,13,9.879,
6/11/2014,2014,6,162,14,9.88,
5/10/2014,2014,5,130,1,9.884,
6/16/2014,2014,6,167,15,9.891,
6/10/2014,2014,6,161,15,9.901,
9/23/2014,2014,9,266,17,9.907,
6/17/2014,2014,6,168,12,9.912,
9/25/2014,2014,9,268,17,9.913,
6/9/2014,2014,6,160,14,9.914,D
6/15/2014,2014,6,166,15,9.921,
9/20/2014,2014,9,263,17,9.921,
9/22/2014,2014,9,265,17,9.921,
7/18/2014,2014,7,199,16,9.925,H
5/28/2014,2014,5,148,13,9.935,
9/26/2014,2014,9,269,17,9.94,
9/21/2014,2014,9,264,17,9.944,
7/17/2014,2014,7,198,16,9.947,
6/14/2014,2014,6,165,14,9.948,
6/18/2014,2014,6,169,14,9.95,
6/19/2014,2014,6,170,14,9.95,
6/20/2014,2014,6,171,14,9.95,
6/21/2014,2014,6,172,14,9.95,
6/22/2014,2014,6,173,14,9.95,
6/23/2014,2014,6,174,14,9.95,
6/24/2014,2014,6,175,14,9.95,
6/25/2014,2014,6,176,14,9.95,
6/26/2014,2014,6,177,14,9.95,
6/27/2014,2014,6,178,14,9.95,
6/28/2014,2014,6,179,14,9.95,
6/29/2014,2014,6,180,14,9.95,
6/30/2014,2014,6,181,14,9.95,
7/1/2014,2014,7,182,14,9.95,H
7/2/2014,2014,7,183,14,9.95,H
7/3/2014,2014,7,184,14,9.95,H
7/4/2014,2014,7,185,14,9.95,H
7/5/2014,2014,7,186,14,9.95,H
7/6/2014,2014,7,187,14,9.95,H
7/7/2014,2014,7,188,14,9.95,H
7/8/2014,2014,7,189,14,9.95,H
7/9/2014,2014,7,190,14,9.95,H
9/16/2014,2014,9,259,17,9.95,
9/27/2014,2014,9,270,17,9.95,
9/28/2014,2014,9,271,17,9.95,
7/20/2014,2014,7,201,16,9.951,H
5/16/2014,2014,5,136,11,9.958,
7/21/2014,2014,7,202,16,9.958,H
6/12/2014,2014,6,163,15,9.96,
5/25/2014,2014,5,145,13,9.965,
9/24/2014,2014,9,267,17,9.969,
7/19/2014,2014,7,200,16,9.971,H
7/31/2014,2014,7,212,16,9.976,H
6/13/2014,2014,6,164,13,9.979,
9/29/2014,2014,9,272,17,9.986,
5/26/2014,2014,5,146,12,9.988,
6/18/2014,2014,6,169,13,9.99,
6/19/2014,2014,6,170,13,9.99,
6/20/2014,2014,6,171,13,9.99,
6/21/2014,2014,6,172,13,9.99,
6/22/2014,2014,6,173,13,9.99,
6/23/2014,2014,6,174,13,9.99,
6/24/2014,2014,6,175,13,9.99,
6/25/2014,2014,6,176,13,9.99,
6/26/2014,2014,6,177,13,9.99,
6/27/2014,2014,6,178,13,9.99,
6/28/2014,2014,6,179,13,9.99,
6/29/2014,2014,6,180,13,9.99,
6/30/2014,2014,6,181,13,9.99,
7/1/2014,2014,7,182,13,9.99,H
7/2/2014,2014,7,183,13,9.99,H
7/3/2014,2014,7,184,13,9.99,H
7/4/2014,2014,7,185,13,9.99,H
7/5/2014,2014,7,186,13,9.99,H
7/6/2014,2014,7,187,13,9.99,H
7/7/2014,2014,7,188,13,9.99,H
7/8/2014,2014,7,189,13,9.99,H
7/9/2014,2014,7,190,13,9.99,H
5/22/2014,2014,5,142,14,9.996,
5/24/2014,2014,5,144,13,9.998,
7/13/2014,2014,7,194,16,10.003,
6/10/2014,2014,6,161,14,10.007,
7/16/2014,2014,7,197,16,10.007,H
9/12/2014,2014,9,255,17,10.008,
7/12/2014,2014,7,193,16,10.02,H
7/11/2014,2014,7,192,16,10.023,
6/15/2014,2014,6,166,14,10.027,
7/23/2014,2014,7,204,16,10.031,H
6/11/2014,2014,6,162,13,10.033,
6/9/2014,2014,6,160,13,10.039,D
8/6/2014,2014,8,218,16,10.046,H
9/30/2014,2014,9,273,17,10.06,
10/1/2014,2014,10,274,17,10.06,
10/2/2014,2014,10,275,17,10.06,
10/3/2014,2014,10,276,17,10.06,
5/13/2014,2014,5,133,10,10.063,
6/16/2014,2014,6,167,14,10.063,
7/29/2014,2014,7,210,16,10.07,
8/3/2014,2014,8,215,16,10.072,
7/30/2014,2014,7,211,16,10.073,H
7/25/2014,2014,7,206,16,10.075,
10/4/2014,2014,10,277,17,10.075,
5/15/2014,2014,5,135,9,10.078,
7/14/2014,2014,7,195,16,10.086,H
6/10/2014,2014,6,161,13,10.087,
6/14/2014,2014,6,165,13,10.093,
8/13/2014,2014,8,225,16,10.101,H
5/27/2014,2014,5,147,10,10.11,
6/17/2014,2014,6,168,11,10.113,
5/23/2014,2014,5,143,12,10.116,
5/29/2014,2014,5,149,12,10.124,
7/22/2014,2014,7,203,16,10.125,H
7/24/2014,2014,7,205,16,10.128,H
10/6/2014,2014,10,279,17,10.134,
10/7/2014,2014,10,280,17,10.14,
10/8/2014,2014,10,281,17,10.14,
10/9/2014,2014,10,282,17,10.14,
7/28/2014,2014,7,209,16,10.141,
5/17/2014,2014,5,137,14,10.156,
6/15/2014,2014,6,166,13,10.158,
7/27/2014,2014,7,208,16,10.159,H
5/19/2014,2014,5,139,14,10.162,
5/14/2014,2014,5,134,12,10.168,
7/10/2014,2014,7,191,16,10.181,D
7/26/2014,2014,7,207,16,10.187,H
6/12/2014,2014,6,163,14,10.19,
7/10/2014,2014,7,191,15,10.192,H
5/22/2014,2014,5,142,13,10.195,
5/28/2014,2014,5,148,12,10.202,
8/9/2014,2014,8,221,16,10.204,
5/11/2014,2014,5,131,2,10.236,
7/15/2014,2014,7,196,16,10.236,
5/16/2014,2014,5,136,10,10.247,
6/16/2014,2014,6,167,13,10.25,
8/2/2014,2014,8,214,16,10.252,H
8/11/2014,2014,8,223,16,10.26,
8/19/2014,2014,8,231,16,10.262,
8/12/2014,2014,8,224,16,10.264,
5/13/2014,2014,5,133,9,10.266,
8/10/2014,2014,8,222,16,10.269,H
5/12/2014,2014,5,132,3,10.279,
5/14/2014,2014,5,134,11,10.29,
5/17/2014,2014,5,137,13,10.293,
5/23/2014,2014,5,143,11,10.294,
5/27/2014,2014,5,147,9,10.306,
6/18/2014,2014,6,169,12,10.31,H
6/19/2014,2014,6,170,12,10.31,H
6/20/2014,2014,6,171,12,10.31,H
6/21/2014,2014,6,172,12,10.31,H
6/22/2014,2014,6,173,12,10.31,H
6/23/2014,2014,6,174,12,10.31,H
6/24/2014,2014,6,175,12,10.31,H
6/25/2014,2014,6,176,12,10.31,H
6/26/2014,2014,6,177,12,10.31,H
6/27/2014,2014,6,178,12,10.31,H
6/28/2014,2014,6,179,12,10.31,H
6/29/2014,2014,6,180,12,10.31,H
6/30/2014,2014,6,181,12,10.31,H
7/1/2014,2014,7,182,12,10.31,H
7/2/2014,2014,7,183,12,10.31,H
7/3/2014,2014,7,184,12,10.31,H
7/4/2014,2014,7,185,12,10.31,H
7/5/2014,2014,7,186,12,10.31,H
7/6/2014,2014,7,187,12,10.31,H
7/7/2014,2014,7,188,12,10.31,H
7/8/2014,2014,7,189,12,10.31,H
7/9/2014,2014,7,190,12,10.31,H
5/11/2014,2014,5,131,1.5,10.317,
5/24/2014,2014,5,144,12,10.319,
6/12/2014,2014,6,163,13,10.33,
10/6/2014,2014,10,279,0,10.33,D
5/18/2014,2014,5,138,15,10.338,
5/25/2014,2014,5,145,12,10.339,
8/16/2014,2014,8,228,16,10.345,
5/16/2014,2014,5,136,9,10.348,
8/7/2014,2014,8,219,16,10.349,
10/5/2014,2014,10,278,17,10.349,
6/13/2014,2014,6,164,12,10.351,
8/23/2014,2014,8,235,16,10.351,
5/29/2014,2014,5,149,11,10.354,
8/20/2014,2014,8,232,16,10.359,
8/22/2014,2014,8,234,16,10.369,
5/19/2014,2014,5,139,13,10.37,
8/4/2014,2014,8,216,16,10.372,H
8/5/2014,2014,8,217,16,10.388,
8/18/2014,2014,8,230,16,10.39,H
8/15/2014,2014,8,227,16,10.402,
5/11/2014,2014,5,131,1,10.412,
5/20/2014,2014,5,140,15,10.416,
6/14/2014,2014,6,165,12,10.418,H
5/28/2014,2014,5,148,11,10.43,
5/17/2014,2014,5,137,12,10.431,
8/8/2014,2014,8,220,16,10.435,
5/17/2014,2014,5,137,11,10.439,
6/10/2014,2014,6,161,12,10.479,H
5/16/2014,2014,5,136,4,10.486,
5/16/2014,2014,5,136,7,10.492,
7/17/2014,2014,7,198,15,10.492,
6/11/2014,2014,6,162,12,10.493,H
8/24/2014,2014,8,236,16,10.496,
5/16/2014,2014,5,136,8,10.5,
6/9/2014,2014,6,160,12,10.501,D
5/17/2014,2014,5,137,9,10.506,
9/3/2014,2014,9,246,16,10.517,
5/15/2014,2014,5,135,8,10.526,
6/15/2014,2014,6,166,12,10.529,
5/17/2014,2014,5,137,10,10.532,
5/20/2014,2014,5,140,13,10.532,
5/20/2014,2014,5,140,14,10.533,
9/1/2014,2014,9,244,16,10.534,
8/21/2014,2014,8,233,16,10.536,
6/14/2014,2014,6,165,11,10.545,
8/31/2014,2014,8,243,16,10.548,
9/11/2014,2014,9,254,16,10.549,
5/23/2014,2014,5,143,10,10.55,
5/24/2014,2014,5,144,11,10.551,
5/10/2014,2014,5,130,0.5,10.552,
5/18/2014,2014,5,138,13,10.554,
5/21/2014,2014,5,141,15,10.555,
5/26/2014,2014,5,146,9,10.556,
5/12/2014,2014,5,132,2,10.561,
5/18/2014,2014,5,138,14,10.562,
5/12/2014,2014,5,132,1,10.564,
5/12/2014,2014,5,132,1.5,10.568,
5/15/2014,2014,5,135,4,10.568,
5/13/2014,2014,5,133,8,10.572,
5/15/2014,2014,5,135,7,10.576,
8/25/2014,2014,8,237,16,10.576,
5/25/2014,2014,5,145,11,10.577,
5/13/2014,2014,5,133,7,10.583,
5/17/2014,2014,5,137,7,10.583,
5/13/2014,2014,5,133,4,10.587,
6/16/2014,2014,6,167,12,10.59,H
5/17/2014,2014,5,137,4,10.592,
5/19/2014,2014,5,139,12,10.599,
8/17/2014,2014,8,229,16,10.611,
5/11/2014,2014,5,131,0.5,10.612,
5/17/2014,2014,5,137,8,10.617,
5/12/2014,2014,5,132,0.5,10.624,
5/16/2014,2014,5,136,6,10.626,
9/2/2014,2014,9,245,16,10.628,
5/22/2014,2014,5,142,12,10.629,
8/26/2014,2014,8,238,16,10.641,
5/18/2014,2014,5,138,11,10.643,
8/27/2014,2014,8,239,16,10.65,
5/19/2014,2014,5,139,11,10.652,
5/16/2014,2014,5,136,5,10.656,
5/15/2014,2014,5,135,0,10.666,
5/27/2014,2014,5,147,8,10.666,
7/18/2014,2014,7,199,15,10.668,
5/18/2014,2014,5,138,9,10.675,
6/18/2014,2014,6,169,11,10.68,
6/19/2014,2014,6,170,11,10.68,
6/20/2014,2014,6,171,11,10.68,
6/21/2014,2014,6,172,11,10.68,
6/22/2014,2014,6,173,11,10.68,
6/23/2014,2014,6,174,11,10.68,
6/24/2014,2014,6,175,11,10.68,
6/25/2014,2014,6,176,11,10.68,
6/26/2014,2014,6,177,11,10.68,
6/27/2014,2014,6,178,11,10.68,
6/28/2014,2014,6,179,11,10.68,
6/29/2014,2014,6,180,11,10.68,
6/30/2014,2014,6,181,11,10.68,
7/1/2014,2014,7,182,11,10.68,
7/2/2014,2014,7,183,11,10.68,
7/3/2014,2014,7,184,11,10.68,
7/4/2014,2014,7,185,11,10.68,
7/5/2014,2014,7,186,11,10.68,
7/6/2014,2014,7,187,11,10.68,
7/7/2014,2014,7,188,11,10.68,
7/8/2014,2014,7,189,11,10.68,
7/9/2014,2014,7,190,11,10.68,
5/20/2014,2014,5,140,12,10.684,
5/18/2014,2014,5,138,12,10.686,
9/4/2014,2014,9,247,16,10.686,
5/20/2014,2014,5,140,11,10.688,
5/18/2014,2014,5,138,4,10.69,
5/18/2014,2014,5,138,7,10.694,
5/16/2014,2014,5,136,3,10.696,
9/6/2014,2014,9,249,16,10.699,
5/29/2014,2014,5,149,10,10.7,
8/14/2014,2014,8,226,16,10.704,
5/15/2014,2014,5,135,0.5,10.707,
5/17/2014,2014,5,137,6,10.718,
5/18/2014,2014,5,138,10,10.721,
5/15/2014,2014,5,135,1,10.728,
9/8/2014,2014,9,251,16,10.73,
9/9/2014,2014,9,252,16,10.73,
9/10/2014,2014,9,253,16,10.73,
5/15/2014,2014,5,135,6,10.731,
5/23/2014,2014,5,143,9,10.731,
5/16/2014,2014,5,136,1,10.732,
5/14/2014,2014,5,134,10,10.734,
5/13/2014,2014,5,133,0.5,10.736,
5/13/2014,2014,5,133,6,10.742,
5/20/2014,2014,5,140,4,10.746,
5/16/2014,2014,5,136,0,10.752,
5/15/2014,2014,5,135,5,10.753,
6/12/2014,2014,6,163,12,10.753,H
6/13/2014,2014,6,164,11,10.753,
5/13/2014,2014,5,133,1,10.754,
5/17/2014,2014,5,137,5,10.754,
8/28/2014,2014,8,240,16,10.755,
5/18/2014,2014,5,138,8,10.756,
5/16/2014,2014,5,136,0.5,10.757,
5/15/2014,2014,5,135,3,10.759,
5/13/2014,2014,5,133,5,10.768,
5/19/2014,2014,5,139,9,10.771,
10/10/2014,2014,10,283,17,10.775,
8/29/2014,2014,8,241,16,10.779,
5/19/2014,2014,5,139,10,10.78,
8/30/2014,2014,8,242,16,10.783,
5/13/2014,2014,5,133,3,10.785,
5/24/2014,2014,5,144,10,10.79,
5/16/2014,2014,5,136,1.5,10.796,
5/28/2014,2014,5,148,10,10.797,
5/18/2014,2014,5,138,6,10.8,
7/19/2014,2014,7,200,15,10.801,
7/20/2014,2014,7,201,15,10.801,
5/21/2014,2014,5,141,14,10.804,
5/20/2014,2014,5,140,9,10.805,
9/7/2014,2014,9,250,16,10.808,
5/20/2014,2014,5,140,7,10.811,
5/15/2014,2014,5,135,1.5,10.812,
6/15/2014,2014,6,166,11,10.822,
5/20/2014,2014,5,140,10,10.826,
5/25/2014,2014,5,145,10,10.826,
5/18/2014,2014,5,138,5,10.828,
7/16/2014,2014,7,197,15,10.828,
5/17/2014,2014,5,137,3,10.83,
10/11/2014,2014,10,284,17,10.83,
10/12/2014,2014,10,285,17,10.83,
7/21/2014,2014,7,202,15,10.831,
5/14/2014,2014,5,134,9,10.833,
6/9/2014,2014,6,160,11,10.833,D
5/13/2014,2014,5,133,0,10.834,
9/5/2014,2014,9,248,16,10.836,
5/13/2014,2014,5,133,1.5,10.84,
5/14/2014,2014,5,134,4,10.842,
6/10/2014,2014,6,161,11,10.849,
5/16/2014,2014,5,136,2,10.864,
6/16/2014,2014,6,167,11,10.877,
5/21/2014,2014,5,141,13,10.889,
5/24/2014,2014,5,144,9,10.892,
5/15/2014,2014,5,135,2,10.893,
6/11/2014,2014,6,162,11,10.893,
5/14/2014,2014,5,134,7,10.894,
5/17/2014,2014,5,137,0.5,10.895,
5/20/2014,2014,5,140,8,10.895,
5/17/2014,2014,5,137,1,10.897,
5/20/2014,2014,5,140,6,10.905,
5/22/2014,2014,5,142,11,10.908,
9/14/2014,2014,9,257,16,10.91,
5/13/2014,2014,5,133,2,10.913,
5/19/2014,2014,5,139,7,10.914,
7/30/2014,2014,7,211,15,10.931,
5/19/2014,2014,5,139,8,10.932,
5/20/2014,2014,5,140,5,10.936,
5/19/2014,2014,5,139,4,10.942,
5/17/2014,2014,5,137,0,10.953,
5/12/2014,2014,5,132,0,10.956,
5/20/2014,2014,5,140,3,10.961,
5/25/2014,2014,5,145,9,10.965,
5/17/2014,2014,5,137,1.5,10.966,
7/13/2014,2014,7,194,15,10.969,
7/25/2014,2014,7,206,15,10.97,
5/29/2014,2014,5,149,9,10.975,
6/14/2014,2014,6,165,10,10.978,
5/14/2014,2014,5,134,8,10.98,
8/1/2014,2014,8,213,15,10.989,
9/18/2014,2014,9,261,16,10.995,
5/18/2014,2014,5,138,3,10.996,
5/14/2014,2014,5,134,0.5,10.997,
5/14/2014,2014,5,134,1,11.015,
5/14/2014,2014,5,134,0,11.02,
5/14/2014,2014,5,134,6,11.02,
5/17/2014,2014,5,137,2,11.021,
7/29/2014,2014,7,210,15,11.024,
5/21/2014,2014,5,141,11,11.026,
7/12/2014,2014,7,193,15,11.028,
7/11/2014,2014,7,192,15,11.031,
5/14/2014,2014,5,134,5,11.032,
5/21/2014,2014,5,141,9,11.035,
5/14/2014,2014,5,134,3,11.042,
7/28/2014,2014,7,209,15,11.061,
5/21/2014,2014,5,141,12,11.064,
9/15/2014,2014,9,258,16,11.067,
5/26/2014,2014,5,146,8,11.072,
7/23/2014,2014,7,204,15,11.075,
5/19/2014,2014,5,139,0.5,11.08,
7/22/2014,2014,7,203,15,11.08,
5/19/2014,2014,5,139,6,11.083,
5/21/2014,2014,5,141,10,11.085,
5/27/2014,2014,5,147,7,11.085,D
5/19/2014,2014,5,139,1,11.091,
5/14/2014,2014,5,134,1.5,11.097,
7/10/2014,2014,7,191,14,11.102,H
7/14/2014,2014,7,195,15,11.107,
5/18/2014,2014,5,138,1,11.109,
5/23/2014,2014,5,143,8,11.109,
5/21/2014,2014,5,141,8,11.11,
9/13/2014,2014,9,256,16,11.115,
5/21/2014,2014,5,141,7,11.12,
5/19/2014,2014,5,139,3,11.126,
5/19/2014,2014,5,139,5,11.127,
5/28/2014,2014,5,148,9,11.132,
6/12/2014,2014,6,163,11,11.147,
5/18/2014,2014,5,138,0.5,11.152,
5/18/2014,2014,5,138,1.5,11.162,
9/22/2014,2014,9,265,16,11.165,
5/22/2014,2014,5,142,10,11.167,
5/14/2014,2014,5,134,2,11.168,
5/19/2014,2014,5,139,0,11.171,
5/19/2014,2014,5,139,1.5,11.179,
9/17/2014,2014,9,260,16,11.183,
5/24/2014,2014,5,144,7,11.196,
5/24/2014,2014,5,144,8,11.197,
9/23/2014,2014,9,266,16,11.199,
5/18/2014,2014,5,138,2,11.207,
7/24/2014,2014,7,205,15,11.21,
9/19/2014,2014,9,262,16,11.219,
5/19/2014,2014,5,139,2,11.257,
5/11/2014,2014,5,131,0,11.263,
7/15/2014,2014,7,196,15,11.284,
5/18/2014,2014,5,138,0,11.289,
9/16/2014,2014,9,259,16,11.29,
5/20/2014,2014,5,140,2,11.293,
7/31/2014,2014,7,212,15,11.297,
9/12/2014,2014,9,255,16,11.301,
9/25/2014,2014,9,268,16,11.306,
5/20/2014,2014,5,140,1.5,11.313,
5/21/2014,2014,5,141,6,11.313,
8/3/2014,2014,8,215,15,11.319,
5/23/2014,2014,5,143,7,11.323,
5/26/2014,2014,5,146,7,11.326,
5/22/2014,2014,5,142,9,11.33,
5/25/2014,2014,5,145,8,11.33,
7/26/2014,2014,7,207,15,11.362,
5/21/2014,2014,5,141,4,11.363,
5/20/2014,2014,5,140,1,11.364,
5/25/2014,2014,5,145,7,11.371,
9/26/2014,2014,9,269,16,11.377,
7/27/2014,2014,7,208,15,11.394,
9/24/2014,2014,9,267,16,11.396,
5/28/2014,2014,5,148,8,11.41,
5/29/2014,2014,5,149,8,11.419,
9/27/2014,2014,9,270,16,11.42,
9/28/2014,2014,9,271,16,11.42,
5/10/2014,2014,5,130,0,11.422,
6/10/2014,2014,6,161,10,11.425,
5/24/2014,2014,5,144,6,11.437,
5/21/2014,2014,5,141,5,11.443,
8/6/2014,2014,8,218,15,11.449,
6/9/2014,2014,6,160,10,11.477,D
8/4/2014,2014,8,216,15,11.477,
6/15/2014,2014,6,166,10,11.496,
8/9/2014,2014,8,221,15,11.516,
6/11/2014,2014,6,162,10,11.53,
5/22/2014,2014,5,142,8,11.572,
8/13/2014,2014,8,225,15,11.575,
9/13/2014,2014,9,256,0,11.578,D
5/27/2014,2014,5,147,6,11.592,
9/29/2014,2014,9,272,16,11.608,
5/25/2014,2014,5,145,6,11.639,
5/28/2014,2014,5,148,7,11.64,
5/26/2014,2014,5,146,6,11.683,
8/2/2014,2014,8,214,15,11.694,
6/13/2014,2014,6,164,10,11.701,
5/24/2014,2014,5,144,5,11.707,
5/23/2014,2014,5,143,6,11.709,
6/16/2014,2014,6,167,10,11.713,
5/20/2014,2014,5,140,0.5,11.714,
5/21/2014,2014,5,141,3,11.73,
6/14/2014,2014,6,165,9,11.731,
9/20/2014,2014,9,263,16,11.731,
5/29/2014,2014,5,149,7,11.769,
9/11/2014,2014,9,254,0,11.808,D
8/19/2014,2014,8,231,15,11.841,
8/12/2014,2014,8,224,15,11.842,
5/22/2014,2014,5,142,7,11.843,
8/8/2014,2014,8,220,15,11.844,
7/10/2014,2014,7,191,13,11.85,H
6/18/2014,2014,6,169,10,11.87,
6/19/2014,2014,6,170,10,11.87,
6/20/2014,2014,6,171,10,11.87,
6/21/2014,2014,6,172,10,11.87,
6/22/2014,2014,6,173,10,11.87,
6/23/2014,2014,6,174,10,11.87,
6/24/2014,2014,6,175,10,11.87,
6/25/2014,2014,6,176,10,11.87,
6/26/2014,2014,6,177,10,11.87,
6/27/2014,2014,6,178,10,11.87,
6/28/2014,2014,6,179,10,11.87,
6/29/2014,2014,6,180,10,11.87,
6/30/2014,2014,6,181,10,11.87,
7/1/2014,2014,7,182,10,11.87,
7/2/2014,2014,7,183,10,11.87,
7/3/2014,2014,7,184,10,11.87,
7/4/2014,2014,7,185,10,11.87,
7/5/2014,2014,7,186,10,11.87,
7/6/2014,2014,7,187,10,11.87,
7/7/2014,2014,7,188,10,11.87,
7/8/2014,2014,7,189,10,11.87,
7/9/2014,2014,7,190,10,11.87,
8/7/2014,2014,8,219,15,11.883,
8/10/2014,2014,8,222,15,11.886,
5/24/2014,2014,5,144,4,11.896,
8/16/2014,2014,8,228,15,11.896,
8/20/2014,2014,8,232,15,11.917,
8/24/2014,2014,8,236,15,11.944,
5/25/2014,2014,5,145,5,11.97,
9/30/2014,2014,9,273,16,11.99,
10/1/2014,2014,10,274,16,11.99,
10/2/2014,2014,10,275,16,11.99,
10/3/2014,2014,10,276,16,11.99,
8/23/2014,2014,8,235,15,12.015,
6/12/2014,2014,6,163,10,12.056,
8/5/2014,2014,8,217,15,12.061,
5/28/2014,2014,5,148,6,12.081,
5/23/2014,2014,5,143,5,12.087,
5/25/2014,2014,5,145,4,12.088,
6/10/2014,2014,6,161,9,12.093,
5/21/2014,2014,5,141,2,12.095,
8/15/2014,2014,8,227,15,12.122,
6/9/2014,2014,6,160,9,12.123,D
8/11/2014,2014,8,223,15,12.145,
5/27/2014,2014,5,147,5,12.154,
8/18/2014,2014,8,230,15,12.166,
5/22/2014,2014,5,142,6,12.19,
10/4/2014,2014,10,277,16,12.196,
6/17/2014,2014,6,168,9,12.209,
9/3/2014,2014,9,246,15,12.225,
6/11/2014,2014,6,162,9,12.244,
5/21/2014,2014,5,141,1.5,12.248,
5/27/2014,2014,5,147,4,12.271,
5/26/2014,2014,5,146,5,12.29,
8/25/2014,2014,8,237,15,12.31,
9/2/2014,2014,9,245,15,12.31,
8/31/2014,2014,8,243,15,12.379,
5/23/2014,2014,5,143,4,12.385,
5/29/2014,2014,5,149,6,12.387,
9/4/2014,2014,9,247,15,12.431,
8/26/2014,2014,8,238,15,12.444,
8/28/2014,2014,8,240,15,12.491,
8/22/2014,2014,8,234,15,12.498,
8/17/2014,2014,8,229,15,12.521,
5/22/2014,2014,5,142,5,12.529,
5/26/2014,2014,5,146,4,12.545,
8/29/2014,2014,8,241,15,12.563,
6/15/2014,2014,6,166,9,12.568,
5/21/2014,2014,5,141,1,12.576,
8/27/2014,2014,8,239,15,12.577,
6/18/2014,2014,6,169,9,12.69,
6/19/2014,2014,6,170,9,12.69,
6/20/2014,2014,6,171,9,12.69,
6/21/2014,2014,6,172,9,12.69,
6/22/2014,2014,6,173,9,12.69,
6/23/2014,2014,6,174,9,12.69,
6/24/2014,2014,6,175,9,12.69,
6/25/2014,2014,6,176,9,12.69,
6/26/2014,2014,6,177,9,12.69,
6/27/2014,2014,6,178,9,12.69,
6/28/2014,2014,6,179,9,12.69,
6/29/2014,2014,6,180,9,12.69,
6/30/2014,2014,6,181,9,12.69,
7/1/2014,2014,7,182,9,12.69,
7/2/2014,2014,7,183,9,12.69,
7/3/2014,2014,7,184,9,12.69,
7/4/2014,2014,7,185,9,12.69,
7/5/2014,2014,7,186,9,12.69,
7/6/2014,2014,7,187,9,12.69,
7/7/2014,2014,7,188,9,12.69,
7/8/2014,2014,7,189,9,12.69,
7/9/2014,2014,7,190,9,12.69,
8/14/2014,2014,8,226,15,12.695,
8/21/2014,2014,8,233,15,12.713,
9/1/2014,2014,9,244,15,12.726,
9/8/2014,2014,9,251,15,12.73,
9/9/2014,2014,9,252,15,12.73,
9/10/2014,2014,9,253,15,12.73,
5/24/2014,2014,5,144,3,12.756,
8/30/2014,2014,8,242,15,12.76,
7/16/2014,2014,7,197,14,12.809,
9/21/2014,2014,9,264,16,12.832,
5/22/2014,2014,5,142,4,12.929,
9/7/2014,2014,9,250,15,12.984,
9/6/2014,2014,9,249,15,13.014,
5/28/2014,2014,5,148,5,13.017,
6/10/2014,2014,6,161,8,13.043,
7/11/2014,2014,7,192,14,13.08,
6/9/2014,2014,6,160,8,13.134,D
6/16/2014,2014,6,167,9,13.139,
5/25/2014,2014,5,145,3,13.142,
6/14/2014,2014,6,165,8,13.184,
7/14/2014,2014,7,195,14,13.195,
7/19/2014,2014,7,200,14,13.196,
9/18/2014,2014,9,261,0,13.271,D
9/11/2014,2014,9,254,15,13.309,
7/18/2014,2014,7,199,14,13.368,
6/11/2014,2014,6,162,8,13.38,
9/15/2014,2014,9,258,0,13.404,
6/13/2014,2014,6,164,9,13.412,
5/21/2014,2014,5,141,0.5,13.431,
7/12/2014,2014,7,193,14,13.462,
7/23/2014,2014,7,204,14,13.473,
7/21/2014,2014,7,202,14,13.492,
9/13/2014,2014,9,256,15,13.578,
9/5/2014,2014,9,248,15,13.585,
5/23/2014,2014,5,143,3,13.59,
5/22/2014,2014,5,142,3,13.618,
7/15/2014,2014,7,196,14,13.618,
9/12/2014,2014,9,255,15,13.627,
5/29/2014,2014,5,149,5,13.63,
7/20/2014,2014,7,201,14,13.653,
7/30/2014,2014,7,211,14,13.723,
9/18/2014,2014,9,261,15,13.738,
5/27/2014,2014,5,147,3,13.77,
7/25/2014,2014,7,206,14,13.797,
7/10/2014,2014,7,191,12,13.8,H
6/12/2014,2014,6,163,9,13.81,
7/13/2014,2014,7,194,14,13.811,
7/17/2014,2014,7,198,14,13.851,
9/19/2014,2014,9,262,15,13.901,
10/11/2014,2014,10,284,0.5,13.91,
10/12/2014,2014,10,285,0.5,13.91,
7/22/2014,2014,7,203,14,13.941,
9/14/2014,2014,9,257,0,13.99,D
10/10/2014,2014,10,283,0.5,13.995,
5/22/2014,2014,5,142,2,14.056,
10/11/2014,2014,10,284,11,14.06,
10/12/2014,2014,10,285,11,14.06,
8/1/2014,2014,8,213,14,14.074,
9/15/2014,2014,9,258,15,14.13,
10/10/2014,2014,10,283,11,14.13,
10/11/2014,2014,10,284,1.5,14.13,
10/12/2014,2014,10,285,1.5,14.13,
5/22/2014,2014,5,142,1.5,14.136,
9/21/2014,2014,9,264,0,14.144,
10/11/2014,2014,10,284,4,14.15,
10/11/2014,2014,10,284,5,14.15,
10/12/2014,2014,10,285,4,14.15,
10/12/2014,2014,10,285,5,14.15,
10/11/2014,2014,10,284,3,14.16,
10/11/2014,2014,10,284,14,14.16,
10/12/2014,2014,10,285,3,14.16,
10/12/2014,2014,10,285,14,14.16,
5/26/2014,2014,5,146,3,14.163,
10/11/2014,2014,10,284,16,14.18,
10/12/2014,2014,10,285,16,14.18,
10/11/2014,2014,10,284,7,14.19,
10/12/2014,2014,10,285,7,14.19,
10/11/2014,2014,10,284,2,14.2,
10/12/2014,2014,10,285,2,14.2,
7/24/2014,2014,7,205,14,14.203,
10/10/2014,2014,10,283,1.5,14.204,
10/11/2014,2014,10,284,8,14.21,
10/12/2014,2014,10,285,8,14.21,
10/11/2014,2014,10,284,1,14.22,
10/12/2014,2014,10,285,1,14.22,
10/10/2014,2014,10,283,5,14.224,
5/22/2014,2014,5,142,1,14.233,
10/10/2014,2014,10,283,4,14.234,
10/10/2014,2014,10,283,14,14.235,
10/11/2014,2014,10,284,15,14.24,
10/12/2014,2014,10,285,15,14.24,
10/10/2014,2014,10,283,3,14.245,
10/10/2014,2014,10,283,7,14.264,
10/10/2014,2014,10,283,16,14.265,
10/10/2014,2014,10,283,2,14.269,
7/26/2014,2014,7,207,14,14.271,
10/10/2014,2014,10,283,8,14.284,
10/10/2014,2014,10,283,1,14.295,
10/10/2014,2014,10,283,15,14.314,
6/10/2014,2014,6,161,7,14.32,
5/24/2014,2014,5,144,2,14.322,
10/11/2014,2014,10,284,10,14.33,
10/12/2014,2014,10,285,10,14.33,
10/11/2014,2014,10,284,13,14.35,
10/12/2014,2014,10,285,13,14.35,
6/15/2014,2014,6,166,8,14.36,
5/22/2014,2014,5,142,0.5,14.391,
10/10/2014,2014,10,283,10,14.399,
10/10/2014,2014,10,283,13,14.42,
10/11/2014,2014,10,284,6,14.42,
10/12/2014,2014,10,285,6,14.42,
6/9/2014,2014,6,160,7,14.424,D
9/14/2014,2014,9,257,15,14.445,
10/10/2014,2014,10,283,6,14.489,
10/11/2014,2014,10,284,12,14.55,
10/12/2014,2014,10,285,12,14.55,
7/28/2014,2014,7,209,14,14.565,
10/10/2014,2014,10,283,12,14.595,
8/4/2014,2014,8,216,14,14.622,
10/11/2014,2014,10,284,9,14.67,
10/12/2014,2014,10,285,9,14.67,
5/22/2014,2014,5,142,0,14.71,
10/10/2014,2014,10,283,9,14.735,
5/20/2014,2014,5,140,0,14.773,
5/28/2014,2014,5,148,4,14.787,
5/21/2014,2014,5,141,0,14.852,
7/10/2014,2014,7,191,11,14.871,
9/26/2014,2014,9,269,0,14.92,D
10/6/2014,2014,10,279,11,14.94,
10/7/2014,2014,10,280,11,14.94,
10/8/2014,2014,10,281,11,14.94,
10/9/2014,2014,10,282,11,14.94,
10/6/2014,2014,10,279,0.5,14.98,
10/7/2014,2014,10,280,0.5,14.98,
10/8/2014,2014,10,281,0.5,14.98,
10/9/2014,2014,10,282,0.5,14.98,
8/3/2014,2014,8,215,14,15.009,
9/19/2014,2014,9,262,0,15.015,H
5/24/2014,2014,5,144,1.5,15.019,
10/6/2014,2014,10,279,2,15.07,
10/7/2014,2014,10,280,1.5,15.07,
10/7/2014,2014,10,280,2,15.07,
10/8/2014,2014,10,281,1.5,15.07,
10/8/2014,2014,10,281,2,15.07,
10/9/2014,2014,10,282,1.5,15.07,
10/9/2014,2014,10,282,2,15.07,
10/6/2014,2014,10,279,1.5,15.073,
8/6/2014,2014,8,218,14,15.075,
10/7/2014,2014,10,280,5,15.08,
10/8/2014,2014,10,281,5,15.08,
10/9/2014,2014,10,282,5,15.08,
10/6/2014,2014,10,279,5,15.083,
6/17/2014,2014,6,168,8,15.092,
10/6/2014,2014,10,279,14,15.11,
10/7/2014,2014,10,280,14,15.11,
10/8/2014,2014,10,281,14,15.11,
10/9/2014,2014,10,282,14,15.11,
10/6/2014,2014,10,279,12,15.12,
10/7/2014,2014,10,280,12,15.12,
10/8/2014,2014,10,281,12,15.12,
10/9/2014,2014,10,282,12,15.12,
10/7/2014,2014,10,280,7,15.13,
10/8/2014,2014,10,281,7,15.13,
10/9/2014,2014,10,282,7,15.13,
10/6/2014,2014,10,279,7,15.133,
10/6/2014,2014,10,279,8,15.15,
10/7/2014,2014,10,280,8,15.15,
10/8/2014,2014,10,281,8,15.15,
10/9/2014,2014,10,282,8,15.15,
9/17/2014,2014,9,260,15,15.154,
9/16/2014,2014,9,259,15,15.17,
10/6/2014,2014,10,279,1,15.17,
10/7/2014,2014,10,280,1,15.17,
10/7/2014,2014,10,280,15,15.17,
10/8/2014,2014,10,281,1,15.17,
10/8/2014,2014,10,281,15,15.17,
10/9/2014,2014,10,282,1,15.17,
10/9/2014,2014,10,282,15,15.17,
10/6/2014,2014,10,279,15,15.173,
10/7/2014,2014,10,280,10,15.2,
10/8/2014,2014,10,281,10,15.2,
10/9/2014,2014,10,282,10,15.2,
10/6/2014,2014,10,279,10,15.203,
10/6/2014,2014,10,279,4,15.21,
10/7/2014,2014,10,280,4,15.21,
10/8/2014,2014,10,281,4,15.21,
10/9/2014,2014,10,282,4,15.21,
5/23/2014,2014,5,143,2,15.214,
7/11/2014,2014,7,192,13,15.222,
10/6/2014,2014,10,279,3,15.23,
10/7/2014,2014,10,280,3,15.23,
10/7/2014,2014,10,280,13,15.23,
10/8/2014,2014,10,281,3,15.23,
10/8/2014,2014,10,281,13,15.23,
10/9/2014,2014,10,282,3,15.23,
10/9/2014,2014,10,282,13,15.23,
10/6/2014,2014,10,279,13,15.233,
8/7/2014,2014,8,219,14,15.241,H
10/6/2014,2014,10,279,16,15.25,
10/7/2014,2014,10,280,16,15.25,
10/8/2014,2014,10,281,16,15.25,
10/9/2014,2014,10,282,16,15.25,
10/7/2014,2014,10,280,6,15.29,
10/8/2014,2014,10,281,6,15.29,
10/9/2014,2014,10,282,6,15.29,
10/6/2014,2014,10,279,6,15.293,
7/31/2014,2014,7,212,14,15.332,
10/5/2014,2014,10,278,11,15.337,
10/5/2014,2014,10,278,0.5,15.387,
7/29/2014,2014,7,210,14,15.437,
10/5/2014,2014,10,278,16,15.448,
5/25/2014,2014,5,145,2,15.45,
6/16/2014,2014,6,167,8,15.461,
10/5/2014,2014,10,278,2,15.478,
10/5/2014,2014,10,278,1.5,15.48,
10/6/2014,2014,10,279,9,15.484,
10/7/2014,2014,10,280,9,15.49,
10/8/2014,2014,10,281,9,15.49,
10/9/2014,2014,10,282,9,15.49,
9/24/2014,2014,9,267,15,15.495,
10/5/2014,2014,10,278,14,15.499,
8/2/2014,2014,8,214,14,15.513,
10/5/2014,2014,10,278,8,15.528,
10/5/2014,2014,10,278,12,15.529,
10/5/2014,2014,10,278,5,15.534,
10/5/2014,2014,10,278,1,15.571,
10/5/2014,2014,10,278,7,15.586,
5/29/2014,2014,5,149,4,15.594,
10/5/2014,2014,10,278,15,15.613,
10/5/2014,2014,10,278,4,15.614,
10/5/2014,2014,10,278,3,15.625,
10/5/2014,2014,10,278,10,15.636,
10/5/2014,2014,10,278,13,15.651,
6/11/2014,2014,6,162,7,15.653,
8/13/2014,2014,8,225,14,15.693,
10/5/2014,2014,10,278,6,15.719,
8/9/2014,2014,8,221,14,15.742,H
10/5/2014,2014,10,278,9,15.804,
7/10/2014,2014,7,191,10,15.849,
5/24/2014,2014,5,144,1,15.892,
5/23/2014,2014,5,143,1.5,15.928,
7/12/2014,2014,7,193,13,15.948,
8/10/2014,2014,8,222,14,15.985,
9/22/2014,2014,9,265,0,15.992,H
9/20/2014,2014,9,263,15,16.017,
9/4/2014,2014,9,247,14,16.038,
8/28/2014,2014,8,240,14,16.063,H
7/15/2014,2014,7,196,0,16.088,H
9/27/2014,2014,9,270,15,16.11,
9/28/2014,2014,9,271,15,16.11,
8/8/2014,2014,8,220,14,16.12,H
6/17/2014,2014,6,168,7,16.169,
9/26/2014,2014,9,269,15,16.205,
8/5/2014,2014,8,217,14,16.243,H
5/23/2014,2014,5,143,1,16.244,
8/20/2014,2014,8,232,14,16.348,
9/25/2014,2014,9,268,15,16.358,
7/10/2014,2014,7,191,9,16.376,
9/29/2014,2014,9,272,15,16.42,
5/28/2014,2014,5,148,3,16.421,
6/10/2014,2014,6,161,6,16.426,
5/23/2014,2014,5,143,0.5,16.432,
7/18/2014,2014,7,199,13,16.509,
6/14/2014,2014,6,165,7,16.514,
7/23/2014,2014,7,204,13,16.55,
8/11/2014,2014,8,223,14,16.564,H
6/12/2014,2014,6,163,8,16.584,
5/23/2014,2014,5,143,0,16.592,
8/14/2014,2014,8,226,14,16.597,H
8/27/2014,2014,8,239,14,16.603,H
5/25/2014,2014,5,145,1.5,16.611,
8/21/2014,2014,8,233,14,16.637,
8/17/2014,2014,8,229,14,16.681,H
5/24/2014,2014,5,144,0.5,16.709,
7/21/2014,2014,7,202,13,16.773,
8/16/2014,2014,8,228,14,16.806,H
8/23/2014,2014,8,235,14,16.847,H
9/3/2014,2014,9,246,14,16.901,
5/29/2014,2014,5,149,3,16.909,
8/25/2014,2014,8,237,14,16.929,H
5/24/2014,2014,5,144,0,16.954,
9/25/2014,2014,9,268,0,16.956,D
9/23/2014,2014,9,266,15,16.983,
8/15/2014,2014,8,227,14,16.985,H
6/15/2014,2014,6,166,7,16.988,
10/4/2014,2014,10,277,15,16.989,
7/27/2014,2014,7,208,14,17.033,
9/30/2014,2014,9,273,15,17.05,
10/1/2014,2014,10,274,15,17.05,
10/2/2014,2014,10,275,15,17.05,
10/3/2014,2014,10,276,15,17.05,
6/9/2014,2014,6,160,6,17.059,D
8/24/2014,2014,8,236,14,17.133,H
5/28/2014,2014,5,148,2,17.15,
7/17/2014,2014,7,198,13,17.303,
7/25/2014,2014,7,206,13,17.303,
7/14/2014,2014,7,195,13,17.325,
8/29/2014,2014,8,241,14,17.37,H
7/19/2014,2014,7,200,13,17.373,
9/2/2014,2014,9,245,14,17.375,
5/28/2014,2014,5,148,1.5,17.382,
9/22/2014,2014,9,265,11,17.403,
7/16/2014,2014,7,197,13,17.433,
5/25/2014,2014,5,145,1,17.437,
9/24/2014,2014,9,267,11,17.451,
9/25/2014,2014,9,268,11,17.482,
9/23/2014,2014,9,266,11,17.484,
8/31/2014,2014,8,243,14,17.488,H
5/26/2014,2014,5,146,2,17.499,
8/22/2014,2014,8,234,14,17.502,H
9/26/2014,2014,9,269,11,17.51,
9/27/2014,2014,9,270,11,17.52,
9/28/2014,2014,9,271,11,17.52,
8/19/2014,2014,8,231,14,17.531,H
8/26/2014,2014,8,238,14,17.532,H
9/24/2014,2014,9,267,14,17.532,
9/25/2014,2014,9,268,14,17.532,
8/18/2014,2014,8,230,14,17.533,H
9/26/2014,2014,9,269,14,17.54,
5/28/2014,2014,5,148,1,17.542,
9/23/2014,2014,9,266,14,17.543,
9/24/2014,2014,9,267,0,17.546,
9/22/2014,2014,9,265,14,17.549,
9/22/2014,2014,9,265,15,17.559,
9/27/2014,2014,9,270,14,17.56,
9/28/2014,2014,9,271,14,17.56,
5/27/2014,2014,5,147,2,17.568,
9/22/2014,2014,9,265,12,17.581,
10/4/2014,2014,10,277,14,17.585,
7/24/2014,2014,7,205,13,17.593,
7/26/2014,2014,7,207,13,17.6,
9/29/2014,2014,9,272,14,17.603,
9/29/2014,2014,9,272,11,17.606,
9/27/2014,2014,9,270,0.5,17.61,
9/28/2014,2014,9,271,0.5,17.61,
9/24/2014,2014,9,267,12,17.63,
5/28/2014,2014,5,148,0.5,17.634,
9/23/2014,2014,9,266,12,17.644,
9/25/2014,2014,9,268,12,17.657,
10/4/2014,2014,10,277,11,17.66,
5/28/2014,2014,5,148,0,17.665,
9/26/2014,2014,9,269,0.5,17.666,
9/7/2014,2014,9,250,14,17.684,
9/26/2014,2014,9,269,12,17.69,
9/30/2014,2014,9,273,14,17.69,
10/1/2014,2014,10,274,14,17.69,
10/2/2014,2014,10,275,14,17.69,
10/3/2014,2014,10,276,14,17.69,
9/22/2014,2014,9,265,8,17.693,
9/21/2014,2014,9,264,15,17.696,
9/22/2014,2014,9,265,13,17.698,
9/27/2014,2014,9,270,12,17.7,
9/28/2014,2014,9,271,12,17.7,
9/22/2014,2014,9,265,0.5,17.703,
9/22/2014,2014,9,265,10,17.719,
9/24/2014,2014,9,267,13,17.721,
9/25/2014,2014,9,268,13,17.73,
9/23/2014,2014,9,266,13,17.732,
7/22/2014,2014,7,203,13,17.742,
9/22/2014,2014,9,265,5,17.748,
9/22/2014,2014,9,265,7,17.749,
9/8/2014,2014,9,251,14,17.75,
9/9/2014,2014,9,252,14,17.75,
9/10/2014,2014,9,253,14,17.75,
9/25/2014,2014,9,268,8,17.752,
9/21/2014,2014,9,264,11,17.756,
9/23/2014,2014,9,266,8,17.758,
6/16/2014,2014,6,167,7,17.759,
6/11/2014,2014,6,162,6,17.76,
9/29/2014,2014,9,272,12,17.763,
9/27/2014,2014,9,270,1.5,17.77,
9/28/2014,2014,9,271,1.5,17.77,
5/25/2014,2014,5,145,0.5,17.774,
10/4/2014,2014,10,277,12,17.777,
9/21/2014,2014,9,264,0.5,17.779,
9/24/2014,2014,9,267,10,17.779,
9/26/2014,2014,9,269,8,17.78,
9/27/2014,2014,9,270,2,17.78,
9/28/2014,2014,9,271,2,17.78,
9/30/2014,2014,9,273,11,17.78,
10/1/2014,2014,10,274,11,17.78,
10/2/2014,2014,10,275,11,17.78,
10/3/2014,2014,10,276,11,17.78,
9/22/2014,2014,9,265,2,17.784,
9/27/2014,2014,9,270,5,17.79,
9/27/2014,2014,9,270,8,17.79,
9/28/2014,2014,9,271,5,17.79,
9/28/2014,2014,9,271,8,17.79,
9/22/2014,2014,9,265,1.5,17.805,
9/25/2014,2014,9,268,7,17.805,
9/23/2014,2014,9,266,10,17.806,
9/25/2014,2014,9,268,5,17.806,
9/23/2014,2014,9,266,5,17.807,
9/25/2014,2014,9,268,10,17.808,
6/18/2014,2014,6,169,8,17.81,
6/19/2014,2014,6,170,8,17.81,
6/20/2014,2014,6,171,8,17.81,
6/21/2014,2014,6,172,8,17.81,
6/22/2014,2014,6,173,8,17.81,
6/23/2014,2014,6,174,8,17.81,
6/24/2014,2014,6,175,8,17.81,
6/25/2014,2014,6,176,8,17.81,
6/26/2014,2014,6,177,8,17.81,
6/27/2014,2014,6,178,8,17.81,
6/28/2014,2014,6,179,8,17.81,
6/29/2014,2014,6,180,8,17.81,
6/30/2014,2014,6,181,8,17.81,
7/1/2014,2014,7,182,8,17.81,
7/2/2014,2014,7,183,8,17.81,
7/3/2014,2014,7,184,8,17.81,
7/4/2014,2014,7,185,8,17.81,
7/5/2014,2014,7,186,8,17.81,
7/6/2014,2014,7,187,8,17.81,
7/7/2014,2014,7,188,8,17.81,
7/8/2014,2014,7,189,8,17.81,
7/9/2014,2014,7,190,8,17.81,
9/23/2014,2014,9,266,7,17.81,
9/26/2014,2014,9,269,2,17.812,
10/4/2014,2014,10,277,13,17.812,
9/26/2014,2014,9,269,1.5,17.813,
9/26/2014,2014,9,269,13,17.817,
9/26/2014,2014,9,269,5,17.822,
9/1/2014,2014,9,244,14,17.823,
9/26/2014,2014,9,269,7,17.83,
9/27/2014,2014,9,270,7,17.83,
9/28/2014,2014,9,271,7,17.83,
7/20/2014,2014,7,201,13,17.843,H
9/18/2014,2014,9,261,14,17.845,
9/18/2014,2014,9,261,11,17.857,
9/27/2014,2014,9,270,1,17.86,
9/27/2014,2014,9,270,13,17.86,
9/28/2014,2014,9,271,1,17.86,
9/28/2014,2014,9,271,13,17.86,
9/20/2014,2014,9,263,11,17.868,
9/22/2014,2014,9,265,4,17.871,
5/29/2014,2014,5,149,2,17.872,
9/20/2014,2014,9,263,14,17.876,
9/24/2014,2014,9,267,8,17.876,
9/25/2014,2014,9,268,2,17.879,
9/26/2014,2014,9,269,10,17.88,
9/29/2014,2014,9,272,13,17.88,
9/27/2014,2014,9,270,10,17.89,
9/28/2014,2014,9,271,10,17.89,
9/30/2014,2014,9,273,12,17.89,
10/1/2014,2014,10,274,12,17.89,
10/2/2014,2014,10,275,12,17.89,
10/3/2014,2014,10,276,12,17.89,
9/21/2014,2014,9,264,2,17.891,
9/26/2014,2014,9,269,1,17.892,
9/21/2014,2014,9,264,14,17.893,
9/22/2014,2014,9,265,1,17.897,
9/22/2014,2014,9,265,3,17.902,
9/22/2014,2014,9,265,9,17.908,
9/21/2014,2014,9,264,1.5,17.909,
9/27/2014,2014,9,270,4,17.91,
9/28/2014,2014,9,271,4,17.91,
9/25/2014,2014,9,268,4,17.918,
9/22/2014,2014,9,265,6,17.919,
9/27/2014,2014,9,270,3,17.92,
9/28/2014,2014,9,271,3,17.92,
9/30/2014,2014,9,273,13,17.92,
10/1/2014,2014,10,274,13,17.92,
10/2/2014,2014,10,275,13,17.92,
10/3/2014,2014,10,276,13,17.92,
8/30/2014,2014,8,242,14,17.936,H
9/21/2014,2014,9,264,5,17.937,
9/21/2014,2014,9,264,12,17.937,
9/26/2014,2014,9,269,4,17.939,
9/21/2014,2014,9,264,8,17.947,
9/26/2014,2014,9,269,3,17.952,
9/25/2014,2014,9,268,3,17.958,
9/19/2014,2014,9,262,11,17.963,
9/23/2014,2014,9,266,4,17.967,
9/29/2014,2014,9,272,10,17.972,
9/23/2014,2014,9,266,6,17.974,
9/24/2014,2014,9,267,7,17.975,
9/25/2014,2014,9,268,9,17.976,
9/26/2014,2014,9,269,9,17.978,
9/21/2014,2014,9,264,7,17.983,
9/23/2014,2014,9,266,9,17.987,
9/27/2014,2014,9,270,6,17.99,
9/27/2014,2014,9,270,9,17.99,
9/28/2014,2014,9,271,6,17.99,
9/28/2014,2014,9,271,9,17.99,
9/18/2014,2014,9,261,12,17.991,
9/25/2014,2014,9,268,6,17.991,
9/24/2014,2014,9,267,9,17.993,
7/13/2014,2014,7,194,13,17.995,H
9/21/2014,2014,9,264,1,17.995,
5/25/2014,2014,5,145,0,18.005,
9/26/2014,2014,9,269,6,18.01,
9/19/2014,2014,9,262,14,18.015,
9/20/2014,2014,9,263,12,18.016,
10/4/2014,2014,10,277,10,18.018,
9/24/2014,2014,9,267,0.5,18.02,
9/24/2014,2014,9,267,5,18.022,
9/21/2014,2014,9,264,3,18.031,
9/21/2014,2014,9,264,4,18.032,
9/21/2014,2014,9,264,10,18.045,
9/24/2014,2014,9,267,2,18.045,
9/21/2014,2014,9,264,13,18.054,
9/24/2014,2014,9,267,1.5,18.063,
9/18/2014,2014,9,261,13,18.067,
9/20/2014,2014,9,263,0.5,18.083,
9/25/2014,2014,9,268,1.5,18.089,
9/20/2014,2014,9,263,2,18.09,
9/23/2014,2014,9,266,2,18.09,
9/19/2014,2014,9,262,0.5,18.091,
9/20/2014,2014,9,263,1.5,18.093,
5/29/2014,2014,5,149,0,18.094,
9/23/2014,2014,9,266,3,18.095,
9/20/2014,2014,9,263,13,18.097,
5/29/2014,2014,5,149,1,18.104,
9/17/2014,2014,9,260,11,18.107,
9/20/2014,2014,9,263,8,18.107,
8/4/2014,2014,8,216,13,18.108,
9/20/2014,2014,9,263,5,18.111,
9/21/2014,2014,9,264,6,18.127,
9/19/2014,2014,9,262,12,18.129,
5/29/2014,2014,5,149,1.5,18.131,
5/29/2014,2014,5,149,0.5,18.14,
9/30/2014,2014,9,273,10,18.14,
10/1/2014,2014,10,274,10,18.14,
10/2/2014,2014,10,275,10,18.14,
10/3/2014,2014,10,276,10,18.14,
9/24/2014,2014,9,267,4,18.145,
9/19/2014,2014,9,262,2,18.147,
9/20/2014,2014,9,263,7,18.151,
9/19/2014,2014,9,262,1.5,18.153,
9/24/2014,2014,9,267,1,18.154,
9/24/2014,2014,9,267,3,18.164,
9/19/2014,2014,9,262,5,18.17,
9/21/2014,2014,9,264,9,18.173,
9/24/2014,2014,9,267,6,18.175,
9/25/2014,2014,9,268,0.5,18.177,
9/20/2014,2014,9,263,10,18.18,
9/19/2014,2014,9,262,8,18.185,
9/20/2014,2014,9,263,1,18.185,
9/29/2014,2014,9,272,0.5,18.194,
9/18/2014,2014,9,261,10,18.196,
9/20/2014,2014,9,263,4,18.204,
9/19/2014,2014,9,262,13,18.218,
9/20/2014,2014,9,263,3,18.218,
9/19/2014,2014,9,262,7,18.219,
9/18/2014,2014,9,261,8,18.225,
9/17/2014,2014,9,260,14,18.236,
9/23/2014,2014,9,266,1.5,18.236,
9/29/2014,2014,9,272,9,18.241,
9/29/2014,2014,9,272,8,18.245,
9/23/2014,2014,9,266,0.5,18.247,
9/19/2014,2014,9,262,1,18.249,
9/16/2014,2014,9,259,0.5,18.25,
9/19/2014,2014,9,262,10,18.267,
9/17/2014,2014,9,260,12,18.271,
9/19/2014,2014,9,262,4,18.273,
9/19/2014,2014,9,262,3,18.278,
9/16/2014,2014,9,259,11,18.28,
9/29/2014,2014,9,272,5,18.288,
9/25/2014,2014,9,268,1,18.292,
9/20/2014,2014,9,263,6,18.299,
9/29/2014,2014,9,272,7,18.305,
9/18/2014,2014,9,261,7,18.315,
9/29/2014,2014,9,272,2,18.321,
9/29/2014,2014,9,272,1.5,18.327,
9/20/2014,2014,9,263,9,18.334,
8/3/2014,2014,8,215,13,18.347,H
9/17/2014,2014,9,260,8,18.35,
9/19/2014,2014,9,262,6,18.366,
9/23/2014,2014,9,266,1,18.367,
9/18/2014,2014,9,261,5,18.372,
9/18/2014,2014,9,261,9,18.396,
9/29/2014,2014,9,272,1,18.398,
9/17/2014,2014,9,260,7,18.399,
8/8/2014,2014,8,220,13,18.4,
9/16/2014,2014,9,259,1.5,18.4,
9/17/2014,2014,9,260,10,18.402,
9/17/2014,2014,9,260,13,18.403,
9/19/2014,2014,9,262,9,18.409,
9/15/2014,2014,9,258,0.5,18.415,
9/15/2014,2014,9,258,11,18.417,
9/16/2014,2014,9,259,2,18.42,
9/29/2014,2014,9,272,4,18.425,
9/29/2014,2014,9,272,3,18.438,
9/16/2014,2014,9,259,14,18.44,
9/16/2014,2014,9,259,12,18.45,
8/7/2014,2014,8,219,13,18.453,H
8/12/2014,2014,8,224,0,18.459,H
9/6/2014,2014,9,249,14,18.462,
9/16/2014,2014,9,259,5,18.48,
9/16/2014,2014,9,259,8,18.48,
9/29/2014,2014,9,272,6,18.488,
9/16/2014,2014,9,259,1,18.49,
9/18/2014,2014,9,261,6,18.503,
6/15/2014,2014,6,166,6,18.505,
8/9/2014,2014,8,221,13,18.505,H
9/17/2014,2014,9,260,5,18.509,
9/16/2014,2014,9,259,7,18.52,
9/16/2014,2014,9,259,4,18.53,
8/14/2014,2014,8,226,13,18.533,H
9/18/2014,2014,9,261,4,18.536,
9/18/2014,2014,9,261,2,18.542,
9/15/2014,2014,9,258,14,18.548,
9/16/2014,2014,9,259,3,18.55,
9/15/2014,2014,9,258,1.5,18.557,
9/15/2014,2014,9,258,2,18.565,
9/17/2014,2014,9,260,9,18.575,
9/16/2014,2014,9,259,10,18.58,
9/5/2014,2014,9,248,14,18.59,
9/20/2014,2014,9,263,0,18.59,D
9/15/2014,2014,9,258,12,18.592,
9/17/2014,2014,9,260,6,18.594,
9/15/2014,2014,9,258,5,18.595,
9/15/2014,2014,9,258,8,18.6,
10/4/2014,2014,10,277,9,18.601,
8/2/2014,2014,8,214,13,18.604,H
9/18/2014,2014,9,261,3,18.605,
9/16/2014,2014,9,259,13,18.61,
7/28/2014,2014,7,209,0,18.614,H
9/18/2014,2014,9,261,0.5,18.623,
5/26/2014,2014,5,146,1.5,18.628,
9/18/2014,2014,9,261,1.5,18.63,
9/15/2014,2014,9,258,7,18.637,
9/15/2014,2014,9,258,1,18.64,
8/15/2014,2014,8,227,13,18.643,H
8/12/2014,2014,8,224,14,18.656,H
9/17/2014,2014,9,260,4,18.666,
9/16/2014,2014,9,259,6,18.67,
9/15/2014,2014,9,258,4,18.679,
9/15/2014,2014,9,258,3,18.684,
9/15/2014,2014,9,258,10,18.705,
9/17/2014,2014,9,260,2,18.708,
8/1/2014,2014,8,213,13,18.713,H
9/14/2014,2014,9,257,11,18.714,
9/15/2014,2014,9,258,13,18.72,
9/17/2014,2014,9,260,3,18.73,
6/13/2014,2014,6,164,8,18.732,
8/6/2014,2014,8,218,13,18.732,H
9/16/2014,2014,9,259,9,18.75,
9/30/2014,2014,9,273,9,18.75,
10/1/2014,2014,10,274,9,18.75,
10/2/2014,2014,10,275,9,18.75,
10/3/2014,2014,10,276,9,18.75,
6/15/2014,2014,6,166,4,18.755,
9/14/2014,2014,9,257,0.5,18.78,
9/15/2014,2014,9,258,6,18.794,
9/18/2014,2014,9,261,1,18.804,
8/17/2014,2014,8,229,13,18.805,H
8/10/2014,2014,8,222,13,18.816,H
9/17/2014,2014,9,260,1.5,18.841,
9/14/2014,2014,9,257,14,18.844,
6/17/2014,2014,6,168,0,18.846,
6/12/2014,2014,6,163,7,18.853,
9/15/2014,2014,9,258,9,18.858,
9/14/2014,2014,9,257,2,18.861,
9/14/2014,2014,9,257,1.5,18.865,
6/15/2014,2014,6,166,0.5,18.872,
6/15/2014,2014,6,166,1,18.886,
9/14/2014,2014,9,257,5,18.892,
9/14/2014,2014,9,257,12,18.896,
9/17/2014,2014,9,260,0.5,18.9,
8/28/2014,2014,8,240,13,18.904,H
9/14/2014,2014,9,257,8,18.904,
6/16/2014,2014,6,167,6,18.906,
5/27/2014,2014,5,147,1.5,18.916,
6/15/2014,2014,6,166,3,18.926,
9/14/2014,2014,9,257,7,18.934,
6/15/2014,2014,6,166,0,18.943,
9/14/2014,2014,9,257,1,18.955,
6/15/2014,2014,6,166,5,18.959,
10/4/2014,2014,10,277,8,18.982,
6/15/2014,2014,6,166,1.5,18.983,
9/14/2014,2014,9,257,4,18.986,
9/14/2014,2014,9,257,3,18.988,
9/14/2014,2014,9,257,10,18.993,
9/14/2014,2014,9,257,13,19.007,
9/17/2014,2014,9,260,1,19.044,
6/15/2014,2014,6,166,2,19.053,
6/10/2014,2014,6,161,5,19.074,
8/5/2014,2014,8,217,13,19.078,H
10/4/2014,2014,10,277,7,19.079,
9/14/2014,2014,9,257,6,19.085,
10/4/2014,2014,10,277,5,19.105,
7/30/2014,2014,7,211,13,19.114,H
9/13/2014,2014,9,256,11,19.121,
9/14/2014,2014,9,257,9,19.145,
7/25/2014,2014,7,206,0,19.155,H
9/30/2014,2014,9,273,8,19.17,
10/1/2014,2014,10,274,8,19.17,
10/2/2014,2014,10,275,8,19.17,
10/3/2014,2014,10,276,8,19.17,
10/4/2014,2014,10,277,0.5,19.17,
9/13/2014,2014,9,256,14,19.212,
10/4/2014,2014,10,277,2,19.213,
6/11/2014,2014,6,162,4,19.238,
5/26/2014,2014,5,146,1,19.246,
10/4/2014,2014,10,277,1.5,19.25,
6/14/2014,2014,6,165,6,19.258,
8/29/2014,2014,8,241,13,19.258,H
10/4/2014,2014,10,277,4,19.268,
9/30/2014,2014,9,273,7,19.27,
10/1/2014,2014,10,274,7,19.27,
10/2/2014,2014,10,275,7,19.27,
10/3/2014,2014,10,276,7,19.27,
6/16/2014,2014,6,167,4,19.272,
10/4/2014,2014,10,277,1,19.284,
9/13/2014,2014,9,256,12,19.288,
10/4/2014,2014,10,277,3,19.288,
9/30/2014,2014,9,273,5,19.3,
10/1/2014,2014,10,274,5,19.3,
10/2/2014,2014,10,275,5,19.3,
10/3/2014,2014,10,276,5,19.3,
10/4/2014,2014,10,277,6,19.303,
9/13/2014,2014,9,256,0.5,19.305,
7/11/2014,2014,7,192,12,19.319,
6/13/2014,2014,6,164,4,19.331,
5/27/2014,2014,5,147,1,19.344,H
6/14/2014,2014,6,165,4,19.353,
6/16/2014,2014,6,167,5,19.355,
7/14/2014,2014,7,195,0,19.355,H
9/13/2014,2014,9,256,8,19.361,
8/16/2014,2014,8,228,13,19.369,H
9/13/2014,2014,9,256,5,19.375,
9/30/2014,2014,9,273,0.5,19.38,
10/1/2014,2014,10,274,0.5,19.38,
10/2/2014,2014,10,275,0.5,19.38,
10/3/2014,2014,10,276,0.5,19.38,
8/21/2014,2014,8,233,13,19.383,H
8/18/2014,2014,8,230,13,19.386,H
9/13/2014,2014,9,256,13,19.395,
5/27/2014,2014,5,147,0,19.396,D
9/13/2014,2014,9,256,2,19.399,
9/13/2014,2014,9,256,7,19.407,
9/13/2014,2014,9,256,10,19.409,
9/30/2014,2014,9,273,2,19.42,
10/1/2014,2014,10,274,2,19.42,
10/2/2014,2014,10,275,2,19.42,
10/3/2014,2014,10,276,2,19.42,
6/13/2014,2014,6,164,0,19.444,
9/30/2014,2014,9,273,1.5,19.46,
10/1/2014,2014,10,274,1.5,19.46,
10/2/2014,2014,10,275,1.5,19.46,
10/3/2014,2014,10,276,1.5,19.46,
9/13/2014,2014,9,256,1.5,19.461,
5/27/2014,2014,5,147,0.5,19.465,
9/30/2014,2014,9,273,4,19.47,
10/1/2014,2014,10,274,4,19.47,
10/2/2014,2014,10,275,4,19.47,
10/3/2014,2014,10,276,4,19.47,
6/11/2014,2014,6,162,0,19.481,
6/13/2014,2014,6,164,7,19.481,
7/23/2014,2014,7,204,12,19.49,H
9/13/2014,2014,9,256,4,19.49,
9/30/2014,2014,9,273,1,19.49,
9/30/2014,2014,9,273,3,19.49,
10/1/2014,2014,10,274,1,19.49,
10/1/2014,2014,10,274,3,19.49,
10/2/2014,2014,10,275,1,19.49,
10/2/2014,2014,10,275,3,19.49,
10/3/2014,2014,10,276,1,19.49,
10/3/2014,2014,10,276,3,19.49,
9/30/2014,2014,9,273,6,19.5,
10/1/2014,2014,10,274,6,19.5,
10/2/2014,2014,10,275,6,19.5,
10/3/2014,2014,10,276,6,19.5,
6/11/2014,2014,6,162,0.5,19.502,
5/26/2014,2014,5,146,0.5,19.506,
6/11/2014,2014,6,162,1,19.511,
9/13/2014,2014,9,256,3,19.511,
7/15/2014,2014,7,196,13,19.521,
6/17/2014,2014,6,168,5,19.539,
6/11/2014,2014,6,162,3,19.55,
9/6/2014,2014,9,249,0,19.56,
6/11/2014,2014,6,162,5,19.562,
9/13/2014,2014,9,256,6,19.562,
7/12/2014,2014,7,193,12,19.563,
6/13/2014,2014,6,164,0.5,19.577,
6/12/2014,2014,6,163,4,19.588,
6/13/2014,2014,6,164,1,19.588,
9/13/2014,2014,9,256,1,19.591,
8/20/2014,2014,8,232,13,19.593,H
9/13/2014,2014,9,256,9,19.599,
6/14/2014,2014,6,165,5,19.606,
6/11/2014,2014,6,162,1.5,19.614,
8/27/2014,2014,8,239,13,19.619,H
7/10/2014,2014,7,191,8,19.622,
6/13/2014,2014,6,164,3,19.624,
6/14/2014,2014,6,165,0,19.646,
6/13/2014,2014,6,164,6,19.653,
8/24/2014,2014,8,236,13,19.663,H
6/9/2014,2014,6,160,5,19.667,D
6/14/2014,2014,6,165,3,19.682,
6/11/2014,2014,6,162,2,19.684,
6/13/2014,2014,6,164,1.5,19.684,
7/28/2014,2014,7,209,13,19.685,
6/14/2014,2014,6,165,0.5,19.702,
6/14/2014,2014,6,165,1,19.702,
6/13/2014,2014,6,164,5,19.711,
6/16/2014,2014,6,167,3,19.737,
6/13/2014,2014,6,164,2,19.751,
8/11/2014,2014,8,223,13,19.756,H
6/12/2014,2014,6,163,6,19.771,
6/17/2014,2014,6,168,3,19.78,
6/14/2014,2014,6,165,1.5,19.79,
9/12/2014,2014,9,255,0.5,19.808,
9/23/2014,2014,9,266,0,19.808,
6/12/2014,2014,6,163,0,19.84,
6/14/2014,2014,6,165,2,19.842,
7/24/2014,2014,7,205,12,19.861,
9/29/2014,2014,9,272,0,19.87,D
9/12/2014,2014,9,255,14,19.886,
6/12/2014,2014,6,163,0.5,19.891,
6/12/2014,2014,6,163,3,19.892,
8/22/2014,2014,8,234,13,19.894,H
6/12/2014,2014,6,163,1,19.903,
6/10/2014,2014,6,161,4,19.922,
6/12/2014,2014,6,163,5,19.931,
5/26/2014,2014,5,146,0,19.932,
9/12/2014,2014,9,255,11,19.958,
8/8/2014,2014,8,220,12,19.96,
6/12/2014,2014,6,163,1.5,19.997,
6/9/2014,2014,6,160,4,20,D
8/28/2014,2014,8,240,0,20.004,D
7/27/2014,2014,7,208,13,20.015,
8/23/2014,2014,8,235,13,20.041,H
8/26/2014,2014,8,238,13,20.053,H
6/12/2014,2014,6,163,2,20.059,
9/12/2014,2014,9,255,1.5,20.086,
9/12/2014,2014,9,255,2,20.093,
6/16/2014,2014,6,167,2,20.096,
6/16/2014,2014,6,167,1,20.099,
8/30/2014,2014,8,242,13,20.101,H
6/16/2014,2014,6,167,1.5,20.103,
8/25/2014,2014,8,237,13,20.122,H
9/12/2014,2014,9,255,5,20.122,
8/19/2014,2014,8,231,13,20.13,H
9/12/2014,2014,9,255,8,20.135,
9/12/2014,2014,9,255,12,20.137,
7/21/2014,2014,7,202,12,20.138,H
9/12/2014,2014,9,255,1,20.167,
9/12/2014,2014,9,255,7,20.173,
6/17/2014,2014,6,168,1.5,20.175,
7/16/2014,2014,7,197,0,20.194,H
6/16/2014,2014,6,167,0.5,20.209,
9/12/2014,2014,9,255,3,20.218,
9/12/2014,2014,9,255,4,20.222,
8/14/2014,2014,8,226,12,20.236,H
9/12/2014,2014,9,255,10,20.236,
9/12/2014,2014,9,255,13,20.245,
6/10/2014,2014,6,161,0,20.253,
8/31/2014,2014,8,243,13,20.254,H
8/15/2014,2014,8,227,12,20.257,
7/29/2014,2014,7,210,0,20.258,H
9/11/2014,2014,9,254,14,20.286,
9/12/2014,2014,9,255,6,20.316,
6/10/2014,2014,6,161,0.5,20.32,
7/20/2014,2014,7,201,12,20.329,H
6/10/2014,2014,6,161,1,20.337,
7/22/2014,2014,7,203,12,20.34,
8/17/2014,2014,8,229,12,20.348,
6/17/2014,2014,6,168,6,20.37,
6/10/2014,2014,6,161,3,20.376,
8/13/2014,2014,8,225,13,20.379,H
9/3/2014,2014,9,246,13,20.383,
9/12/2014,2014,9,255,9,20.385,
8/4/2014,2014,8,216,12,20.386,
7/27/2014,2014,7,208,0,20.393,
6/17/2014,2014,6,168,0.5,20.398,
6/10/2014,2014,6,161,1.5,20.428,
8/7/2014,2014,8,219,12,20.478,
6/9/2014,2014,6,160,3,20.492,D
7/31/2014,2014,7,212,13,20.496,H
6/10/2014,2014,6,161,2,20.501,
7/25/2014,2014,7,206,12,20.519,H
9/4/2014,2014,9,247,13,20.527,
8/18/2014,2014,8,230,12,20.529,
8/9/2014,2014,8,221,12,20.536,
7/19/2014,2014,7,200,12,20.582,H
8/10/2014,2014,8,222,12,20.68,
6/16/2014,2014,6,167,0,20.686,
7/17/2014,2014,7,198,12,20.725,H
8/21/2014,2014,8,233,12,20.741,
9/11/2014,2014,9,254,0.5,20.764,
6/17/2014,2014,6,168,4,20.765,
7/18/2014,2014,7,199,12,20.767,H
7/26/2014,2014,7,207,12,20.778,
8/22/2014,2014,8,234,12,20.842,H
8/2/2014,2014,8,214,12,20.877,H
8/6/2014,2014,8,218,12,20.881,H
9/11/2014,2014,9,254,11,20.892,
9/2/2014,2014,9,245,13,20.901,
8/5/2014,2014,8,217,12,20.902,
8/28/2014,2014,8,240,12,20.954,H
7/21/2014,2014,7,202,11,20.96,
9/1/2014,2014,9,244,13,20.96,
7/20/2014,2014,7,201,11,20.972,
6/9/2014,2014,6,160,2,21,D
9/11/2014,2014,9,254,1.5,21.038,
9/11/2014,2014,9,254,2,21.045,
9/11/2014,2014,9,254,5,21.068,
6/9/2014,2014,6,160,1.5,21.078,D
9/11/2014,2014,9,254,8,21.083,
8/24/2014,2014,8,236,12,21.092,H
9/11/2014,2014,9,254,12,21.092,
8/3/2014,2014,8,215,12,21.103,H
9/5/2014,2014,9,248,0,21.106,D
9/11/2014,2014,9,254,1,21.124,
9/11/2014,2014,9,254,7,21.125,
8/7/2014,2014,8,219,11,21.126,
7/19/2014,2014,7,200,11,21.152,
9/11/2014,2014,9,254,13,21.159,
6/9/2014,2014,6,160,1,21.165,D
9/5/2014,2014,9,248,13,21.165,
9/11/2014,2014,9,254,4,21.17,
9/11/2014,2014,9,254,3,21.173,
8/23/2014,2014,8,235,12,21.177,H
8/29/2014,2014,8,241,12,21.177,
9/11/2014,2014,9,254,10,21.178,
7/29/2014,2014,7,210,13,21.181,H
6/17/2014,2014,6,168,2,21.2,
8/27/2014,2014,8,239,12,21.201,H
8/19/2014,2014,8,231,12,21.217,
8/11/2014,2014,8,223,12,21.249,
9/11/2014,2014,9,254,6,21.265,
7/18/2014,2014,7,199,11,21.272,
8/20/2014,2014,8,232,12,21.272,H
8/14/2014,2014,8,226,0,21.278,H
7/17/2014,2014,7,198,11,21.279,
8/8/2014,2014,8,220,11,21.287,
7/24/2014,2014,7,205,11,21.294,
7/22/2014,2014,7,203,11,21.314,
8/17/2014,2014,8,229,0,21.322,
9/11/2014,2014,9,254,9,21.327,
7/16/2014,2014,7,197,11,21.368,
8/1/2014,2014,8,213,12,21.371,H
8/16/2014,2014,8,228,12,21.38,H
6/17/2014,2014,6,168,1,21.403,
8/26/2014,2014,8,238,12,21.409,H
8/6/2014,2014,8,218,11,21.427,
8/17/2014,2014,8,229,11,21.436,
9/4/2014,2014,9,247,0,21.463,D
8/14/2014,2014,8,226,11,21.474,
7/24/2014,2014,7,205,0,21.502,H
8/25/2014,2014,8,237,12,21.517,
7/16/2014,2014,7,197,12,21.534,H
7/30/2014,2014,7,211,11,21.56,
6/9/2014,2014,6,160,0.5,21.563,D
8/31/2014,2014,8,243,12,21.564,
7/30/2014,2014,7,211,12,21.581,H
7/31/2014,2014,7,212,0,21.598,
7/17/2014,2014,7,198,10,21.606,
8/5/2014,2014,8,217,11,21.606,
7/18/2014,2014,7,199,10,21.613,
8/30/2014,2014,8,242,12,21.627,
8/15/2014,2014,8,227,11,21.635,
8/22/2014,2014,8,234,11,21.651,
7/16/2014,2014,7,197,10,21.661,
8/23/2014,2014,8,235,11,21.673,
8/21/2014,2014,8,233,11,21.68,
7/17/2014,2014,7,198,9,21.683,
7/16/2014,2014,7,197,9,21.693,
7/16/2014,2014,7,197,8,21.697,
7/31/2014,2014,7,212,11,21.699,
7/29/2014,2014,7,210,11,21.702,
7/19/2014,2014,7,200,10,21.715,
7/16/2014,2014,7,197,7,21.731,
7/18/2014,2014,7,199,9,21.734,
7/31/2014,2014,7,212,12,21.736,H
7/11/2014,2014,7,192,0,21.742,
7/13/2014,2014,7,194,12,21.748,H
8/4/2014,2014,8,216,11,21.759,
8/5/2014,2014,8,217,0,21.761,H
7/30/2014,2014,7,211,0,21.763,H
8/16/2014,2014,8,228,11,21.763,
8/18/2014,2014,8,230,11,21.764,
7/13/2014,2014,7,194,0,21.765,H
7/16/2014,2014,7,197,5,21.776,
7/20/2014,2014,7,201,10,21.785,
7/17/2014,2014,7,198,8,21.804,
8/13/2014,2014,8,225,11,21.806,
9/1/2014,2014,9,244,0,21.814,D
7/18/2014,2014,7,199,8,21.826,
7/29/2014,2014,7,210,12,21.829,H
8/13/2014,2014,8,225,12,21.833,H
9/2/2014,2014,9,245,0,21.837,
7/27/2014,2014,7,208,12,21.842,H
8/3/2014,2014,8,215,11,21.844,
8/2/2014,2014,8,214,11,21.865,
8/1/2014,2014,8,213,11,21.867,
7/14/2014,2014,7,195,12,21.881,H
7/30/2014,2014,7,211,10,21.884,
7/19/2014,2014,7,200,9,21.885,
7/18/2014,2014,7,199,7,21.886,
7/21/2014,2014,7,202,10,21.886,
7/15/2014,2014,7,196,0.5,21.893,
7/15/2014,2014,7,196,11,21.898,
7/26/2014,2014,7,207,11,21.898,
7/16/2014,2014,7,197,6,21.902,
8/27/2014,2014,8,239,0,21.909,D
7/17/2014,2014,7,198,7,21.916,
8/13/2014,2014,8,225,0,21.924,H
7/16/2014,2014,7,197,4,21.925,
7/30/2014,2014,7,211,8,21.928,
7/29/2014,2014,7,210,0.5,21.929,
7/23/2014,2014,7,204,11,21.933,H
7/19/2014,2014,7,200,8,21.938,
8/18/2014,2014,8,230,0,21.949,H
7/29/2014,2014,7,210,8,21.966,
7/16/2014,2014,7,197,2,21.981,
7/30/2014,2014,7,211,7,21.986,
7/29/2014,2014,7,210,10,21.994,
7/19/2014,2014,7,200,7,21.995,
7/28/2014,2014,7,209,11,21.996,
7/16/2014,2014,7,197,3,21.997,
7/29/2014,2014,7,210,7,21.998,
7/29/2014,2014,7,210,5,22.004,
7/29/2014,2014,7,210,2,22.008,
7/29/2014,2014,7,210,1.5,22.01,
7/28/2014,2014,7,209,0.5,22.011,
8/28/2014,2014,8,240,11,22.014,
8/9/2014,2014,8,221,11,22.015,
8/10/2014,2014,8,222,11,22.019,
7/31/2014,2014,7,212,10,22.024,
7/18/2014,2014,7,199,5,22.049,
7/15/2014,2014,7,196,1.5,22.05,
7/30/2014,2014,7,211,9,22.051,
7/23/2014,2014,7,204,0,22.052,
7/16/2014,2014,7,197,1.5,22.054,
7/15/2014,2014,7,196,2,22.055,
7/30/2014,2014,7,211,5,22.057,
8/24/2014,2014,8,236,11,22.058,
8/14/2014,2014,8,226,10,22.063,
7/12/2014,2014,7,193,11,22.07,
7/31/2014,2014,7,212,8,22.07,
7/15/2014,2014,7,196,12,22.074,H
7/11/2014,2014,7,192,11,22.079,H
7/15/2014,2014,7,196,5,22.083,
7/29/2014,2014,7,210,9,22.083,
7/29/2014,2014,7,210,1,22.088,
7/17/2014,2014,7,198,5,22.089,
7/15/2014,2014,7,196,8,22.092,
8/11/2014,2014,8,223,11,22.093,
7/29/2014,2014,7,210,4,22.097,
7/16/2014,2014,7,197,0.5,22.098,
8/15/2014,2014,8,227,10,22.101,
7/15/2014,2014,7,196,7,22.102,
7/29/2014,2014,7,210,3,22.102,
7/18/2014,2014,7,199,6,22.105,
8/13/2014,2014,8,225,10,22.106,
8/13/2014,2014,8,225,8,22.113,
8/12/2014,2014,8,224,13,22.115,H
7/15/2014,2014,7,196,1,22.116,
7/19/2014,2014,7,200,5,22.117,
8/15/2014,2014,8,227,0,22.118,H
7/27/2014,2014,7,208,11,22.12,
7/31/2014,2014,7,212,7,22.121,
9/7/2014,2014,9,250,0,22.123,D
7/28/2014,2014,7,209,12,22.124,H
7/20/2014,2014,7,201,9,22.139,
7/15/2014,2014,7,196,9,22.143,
8/14/2014,2014,8,226,8,22.143,
8/20/2014,2014,8,232,11,22.144,
7/17/2014,2014,7,198,6,22.148,
7/15/2014,2014,7,196,3,22.152,
8/7/2014,2014,8,219,10,22.153,
7/31/2014,2014,7,212,0.5,22.156,
7/29/2014,2014,7,210,6,22.159,
7/15/2014,2014,7,196,4,22.161,
7/31/2014,2014,7,212,5,22.164,
7/15/2014,2014,7,196,10,22.165,
7/28/2014,2014,7,209,1.5,22.166,
7/28/2014,2014,7,209,2,22.166,
8/13/2014,2014,8,225,7,22.171,
7/30/2014,2014,7,211,4,22.178,
7/31/2014,2014,7,212,2,22.182,
7/30/2014,2014,7,211,6,22.186,
7/31/2014,2014,7,212,1.5,22.186,
7/28/2014,2014,7,209,5,22.193,
7/28/2014,2014,7,209,8,22.196,
7/19/2014,2014,7,200,6,22.199,
7/21/2014,2014,7,202,9,22.2,
7/16/2014,2014,7,197,1,22.205,
7/25/2014,2014,7,206,11,22.208,
8/13/2014,2014,8,225,5,22.208,
8/12/2014,2014,8,224,11,22.209,
7/28/2014,2014,7,209,7,22.21,
8/14/2014,2014,8,226,7,22.222,
7/31/2014,2014,7,212,9,22.226,
8/19/2014,2014,8,231,11,22.23,
7/28/2014,2014,7,209,1,22.237,
7/18/2014,2014,7,199,4,22.241,
7/30/2014,2014,7,211,3,22.244,
7/15/2014,2014,7,196,6,22.247,
8/12/2014,2014,8,224,0.5,22.247,
7/26/2014,2014,7,207,10,22.261,
7/28/2014,2014,7,209,10,22.263,
7/31/2014,2014,7,212,1,22.265,
8/1/2014,2014,8,213,10,22.265,
7/31/2014,2014,7,212,4,22.267,
7/13/2014,2014,7,194,11,22.272,
7/18/2014,2014,7,199,2,22.272,
7/28/2014,2014,7,209,3,22.272,
7/28/2014,2014,7,209,4,22.275,
8/13/2014,2014,8,225,0.5,22.276,
7/31/2014,2014,7,212,3,22.278,
7/19/2014,2014,7,200,4,22.283,
7/17/2014,2014,7,198,4,22.284,
8/2/2014,2014,8,214,10,22.284,
7/30/2014,2014,7,211,2,22.287,
7/26/2014,2014,7,207,8,22.29,
8/17/2014,2014,8,229,10,22.293,
7/19/2014,2014,7,200,2,22.296,
8/21/2014,2014,8,233,0,22.297,
8/2/2014,2014,8,214,8,22.299,
7/31/2014,2014,7,212,6,22.303,
8/14/2014,2014,8,226,9,22.303,
7/28/2014,2014,7,209,9,22.306,
7/18/2014,2014,7,199,3,22.307,
8/1/2014,2014,8,213,8,22.308,
9/8/2014,2014,9,251,11,22.31,
9/9/2014,2014,9,252,11,22.31,
9/10/2014,2014,9,253,11,22.31,
8/13/2014,2014,8,225,9,22.313,
8/15/2014,2014,8,227,8,22.314,
8/13/2014,2014,8,225,2,22.318,
7/18/2014,2014,7,199,0.5,22.321,
8/8/2014,2014,8,220,0,22.321,H
7/20/2014,2014,7,201,8,22.326,
7/18/2014,2014,7,199,1.5,22.329,
8/6/2014,2014,8,218,10,22.329,
8/16/2014,2014,8,228,10,22.33,
9/8/2014,2014,9,251,0.5,22.33,
9/9/2014,2014,9,252,0.5,22.33,
9/10/2014,2014,9,253,0.5,22.33,
7/19/2014,2014,7,200,0.5,22.331,
8/3/2014,2014,8,215,10,22.332,
8/4/2014,2014,8,216,0,22.335,
7/19/2014,2014,7,200,3,22.336,
8/26/2014,2014,8,238,11,22.336,
7/19/2014,2014,7,200,1.5,22.34,
8/13/2014,2014,8,225,4,22.342,
7/26/2014,2014,7,207,9,22.343,
8/12/2014,2014,8,224,12,22.343,H
8/13/2014,2014,8,225,1.5,22.346,
8/7/2014,2014,8,219,0,22.347,
8/1/2014,2014,8,213,7,22.348,
8/2/2014,2014,8,214,7,22.35,
8/13/2014,2014,8,225,6,22.354,
7/26/2014,2014,7,207,7,22.356,
7/28/2014,2014,7,209,6,22.358,
7/22/2014,2014,7,203,10,22.364,
8/1/2014,2014,8,213,5,22.364,
8/14/2014,2014,8,226,5,22.364,
8/15/2014,2014,8,227,9,22.364,
9/7/2014,2014,9,250,13,22.371,
9/7/2014,2014,9,250,11,22.373,
7/18/2014,2014,7,199,0,22.375,H
9/7/2014,2014,9,250,0.5,22.381,
7/30/2014,2014,7,211,0.5,22.387,
8/30/2014,2014,8,242,0,22.395,D
8/13/2014,2014,8,225,3,22.397,
8/12/2014,2014,8,224,2,22.404,
8/12/2014,2014,8,224,1.5,22.405,
8/2/2014,2014,8,214,5,22.406,
8/16/2014,2014,8,228,8,22.41,
7/30/2014,2014,7,211,1.5,22.413,
7/25/2014,2014,7,206,0.5,22.424,
8/23/2014,2014,8,235,10,22.43,
9/8/2014,2014,9,251,13,22.43,
9/9/2014,2014,9,252,13,22.43,
9/10/2014,2014,9,253,13,22.43,
8/12/2014,2014,8,224,5,22.431,
8/5/2014,2014,8,217,10,22.433,
8/12/2014,2014,8,224,8,22.433,
7/19/2014,2014,7,200,1,22.434,
7/27/2014,2014,7,208,10,22.435,
8/13/2014,2014,8,225,1,22.442,
7/18/2014,2014,7,199,1,22.443,
7/17/2014,2014,7,198,3,22.447,
7/19/2014,2014,7,200,0,22.451,
7/20/2014,2014,7,201,7,22.451,
8/14/2014,2014,8,226,6,22.451,
8/4/2014,2014,8,216,10,22.452,
8/15/2014,2014,8,227,7,22.452,
7/26/2014,2014,7,207,5,22.458,
7/12/2014,2014,7,193,10,22.46,
8/12/2014,2014,8,224,7,22.461,
7/17/2014,2014,7,198,0,22.463,H
7/12/2014,2014,7,193,8,22.464,
9/8/2014,2014,9,251,1.5,22.47,
9/9/2014,2014,9,252,1.5,22.47,
9/10/2014,2014,9,253,1.5,22.47,
7/12/2014,2014,7,193,9,22.471,
7/11/2014,2014,7,192,0.5,22.472,
9/1/2014,2014,9,244,12,22.48,
8/16/2014,2014,8,228,7,22.481,
7/20/2014,2014,7,201,5,22.483,
8/1/2014,2014,8,213,4,22.486,
8/12/2014,2014,8,224,1,22.486,
8/18/2014,2014,8,230,10,22.487,
7/12/2014,2014,7,193,7,22.488,
7/20/2014,2014,7,201,0.5,22.489,
6/18/2014,2014,6,169,0.5,22.49,
6/18/2014,2014,6,169,1.5,22.49,
6/18/2014,2014,6,169,3,22.49,
6/18/2014,2014,6,169,5,22.49,
6/19/2014,2014,6,170,0.5,22.49,
6/19/2014,2014,6,170,1.5,22.49,
6/19/2014,2014,6,170,3,22.49,
6/19/2014,2014,6,170,5,22.49,
6/20/2014,2014,6,171,0.5,22.49,
6/20/2014,2014,6,171,1.5,22.49,
6/20/2014,2014,6,171,3,22.49,
6/20/2014,2014,6,171,5,22.49,
6/21/2014,2014,6,172,0.5,22.49,
6/21/2014,2014,6,172,1.5,22.49,
6/21/2014,2014,6,172,3,22.49,
6/21/2014,2014,6,172,5,22.49,
6/22/2014,2014,6,173,0.5,22.49,
6/22/2014,2014,6,173,1.5,22.49,
6/22/2014,2014,6,173,3,22.49,
6/22/2014,2014,6,173,5,22.49,
6/23/2014,2014,6,174,0.5,22.49,
6/23/2014,2014,6,174,1.5,22.49,
6/23/2014,2014,6,174,3,22.49,
6/23/2014,2014,6,174,5,22.49,
6/24/2014,2014,6,175,0.5,22.49,
6/24/2014,2014,6,175,1.5,22.49,
6/24/2014,2014,6,175,3,22.49,
6/24/2014,2014,6,175,5,22.49,
6/25/2014,2014,6,176,0.5,22.49,
6/25/2014,2014,6,176,1.5,22.49,
6/25/2014,2014,6,176,3,22.49,
6/25/2014,2014,6,176,5,22.49,
6/26/2014,2014,6,177,0.5,22.49,
6/26/2014,2014,6,177,1.5,22.49,
6/26/2014,2014,6,177,3,22.49,
6/26/2014,2014,6,177,5,22.49,
6/27/2014,2014,6,178,0.5,22.49,
6/27/2014,2014,6,178,1.5,22.49,
6/27/2014,2014,6,178,3,22.49,
6/27/2014,2014,6,178,5,22.49,
6/28/2014,2014,6,179,0.5,22.49,
6/28/2014,2014,6,179,1.5,22.49,
6/28/2014,2014,6,179,3,22.49,
6/28/2014,2014,6,179,5,22.49,
6/29/2014,2014,6,180,0.5,22.49,
6/29/2014,2014,6,180,1.5,22.49,
6/29/2014,2014,6,180,3,22.49,
6/29/2014,2014,6,180,5,22.49,
6/30/2014,2014,6,181,0.5,22.49,
6/30/2014,2014,6,181,1.5,22.49,
6/30/2014,2014,6,181,3,22.49,
6/30/2014,2014,6,181,5,22.49,
7/1/2014,2014,7,182,0.5,22.49,
7/1/2014,2014,7,182,1.5,22.49,
7/1/2014,2014,7,182,3,22.49,
7/1/2014,2014,7,182,5,22.49,
7/2/2014,2014,7,183,0.5,22.49,
7/2/2014,2014,7,183,1.5,22.49,
7/2/2014,2014,7,183,3,22.49,
7/2/2014,2014,7,183,5,22.49,
7/3/2014,2014,7,184,0.5,22.49,
7/3/2014,2014,7,184,1.5,22.49,
7/3/2014,2014,7,184,3,22.49,
7/3/2014,2014,7,184,5,22.49,
7/4/2014,2014,7,185,0.5,22.49,
7/4/2014,2014,7,185,1.5,22.49,
7/4/2014,2014,7,185,3,22.49,
7/4/2014,2014,7,185,5,22.49,
7/5/2014,2014,7,186,0.5,22.49,
7/5/2014,2014,7,186,1.5,22.49,
7/5/2014,2014,7,186,3,22.49,
7/5/2014,2014,7,186,5,22.49,
7/6/2014,2014,7,187,0.5,22.49,
7/6/2014,2014,7,187,1.5,22.49,
7/6/2014,2014,7,187,3,22.49,
7/6/2014,2014,7,187,5,22.49,
7/7/2014,2014,7,188,0.5,22.49,
7/7/2014,2014,7,188,1.5,22.49,
7/7/2014,2014,7,188,3,22.49,
7/7/2014,2014,7,188,5,22.49,
7/8/2014,2014,7,189,0.5,22.49,
7/8/2014,2014,7,189,1.5,22.49,
7/8/2014,2014,7,189,3,22.49,
7/8/2014,2014,7,189,5,22.49,
7/9/2014,2014,7,190,0.5,22.49,
7/9/2014,2014,7,190,1.5,22.49,
7/9/2014,2014,7,190,3,22.49,
7/9/2014,2014,7,190,5,22.49,
8/12/2014,2014,8,224,10,22.494,
6/9/2014,2014,6,160,0,22.495,D
7/25/2014,2014,7,206,2,22.496,
7/25/2014,2014,7,206,1.5,22.498,
9/8/2014,2014,9,251,2,22.5,
9/8/2014,2014,9,251,5,22.5,
9/8/2014,2014,9,251,8,22.5,
9/9/2014,2014,9,252,2,22.5,
9/9/2014,2014,9,252,5,22.5,
9/9/2014,2014,9,252,8,22.5,
9/10/2014,2014,9,253,2,22.5,
9/10/2014,2014,9,253,5,22.5,
9/10/2014,2014,9,253,8,22.5,
8/1/2014,2014,8,213,2,22.506,
8/1/2014,2014,8,213,9,22.507,
8/2/2014,2014,8,214,9,22.512,
8/1/2014,2014,8,213,6,22.514,
7/20/2014,2014,7,201,2,22.516,
7/20/2014,2014,7,201,1.5,22.522,
8/12/2014,2014,8,224,4,22.522,
8/12/2014,2014,8,224,3,22.523,
8/25/2014,2014,8,237,11,22.523,
7/12/2014,2014,7,193,5,22.526,
7/27/2014,2014,7,208,8,22.526,
7/25/2014,2014,7,206,5,22.528,
9/7/2014,2014,9,250,1.5,22.528,
8/2/2014,2014,8,214,6,22.529,
9/8/2014,2014,9,251,7,22.53,
9/9/2014,2014,9,252,7,22.53,
9/10/2014,2014,9,253,7,22.53,
8/1/2014,2014,8,213,3,22.532,
7/30/2014,2014,7,211,1,22.534,
7/25/2014,2014,7,206,8,22.536,
7/14/2014,2014,7,195,11,22.537,H
7/11/2014,2014,7,192,1.5,22.54,
9/8/2014,2014,9,251,12,22.54,
9/9/2014,2014,9,252,12,22.54,
9/10/2014,2014,9,253,12,22.54,
7/11/2014,2014,7,192,2,22.543,
9/6/2014,2014,9,249,11,22.543,H
7/27/2014,2014,7,208,9,22.548,
9/7/2014,2014,9,250,2,22.549,
9/7/2014,2014,9,250,5,22.551,
7/25/2014,2014,7,206,7,22.552,
8/17/2014,2014,8,229,8,22.552,
7/21/2014,2014,7,202,8,22.557,
8/14/2014,2014,8,226,4,22.558,
9/7/2014,2014,9,250,8,22.56,
9/8/2014,2014,9,251,1,22.56,
9/9/2014,2014,9,252,1,22.56,
9/10/2014,2014,9,253,1,22.56,
7/26/2014,2014,7,207,6,22.561,
7/11/2014,2014,7,192,5,22.562,
7/11/2014,2014,7,192,8,22.566,
7/25/2014,2014,7,206,1,22.568,
8/2/2014,2014,8,214,4,22.569,
8/16/2014,2014,8,228,9,22.569,
8/22/2014,2014,8,234,10,22.579,
9/8/2014,2014,9,251,10,22.58,
9/9/2014,2014,9,252,10,22.58,
9/10/2014,2014,9,253,10,22.58,
8/3/2014,2014,8,215,8,22.581,
9/7/2014,2014,9,250,12,22.581,
7/11/2014,2014,7,192,7,22.583,
7/20/2014,2014,7,201,4,22.589,
7/17/2014,2014,7,198,2,22.59,
7/25/2014,2014,7,206,10,22.593,
9/7/2014,2014,9,250,7,22.593,
7/11/2014,2014,7,192,9,22.595,
7/20/2014,2014,7,201,3,22.598,
7/20/2014,2014,7,201,1,22.6,
9/8/2014,2014,9,251,4,22.6,
9/9/2014,2014,9,252,4,22.6,
9/10/2014,2014,9,253,4,22.6,
7/25/2014,2014,7,206,3,22.604,
8/18/2014,2014,8,230,8,22.604,
7/11/2014,2014,7,192,10,22.605,
7/26/2014,2014,7,207,4,22.606,
7/25/2014,2014,7,206,4,22.607,
8/12/2014,2014,8,224,6,22.61,
7/27/2014,2014,7,208,7,22.611,
9/7/2014,2014,9,250,1,22.611,
7/11/2014,2014,7,192,1,22.612,
7/13/2014,2014,7,194,0.5,22.618,
7/12/2014,2014,7,193,2,22.619,
9/8/2014,2014,9,251,3,22.62,
9/9/2014,2014,9,252,3,22.62,
9/10/2014,2014,9,253,3,22.62,
7/14/2014,2014,7,195,0.5,22.621,
7/13/2014,2014,7,194,8,22.623,
7/13/2014,2014,7,194,10,22.628,
7/27/2014,2014,7,208,0.5,22.63,
9/6/2014,2014,9,249,13,22.63,
7/20/2014,2014,7,201,6,22.632,
7/25/2014,2014,7,206,9,22.632,
7/13/2014,2014,7,194,9,22.634,
7/11/2014,2014,7,192,3,22.635,
8/15/2014,2014,8,227,5,22.635,
8/17/2014,2014,8,229,7,22.636,
9/7/2014,2014,9,250,10,22.638,
8/21/2014,2014,8,233,10,22.643,
7/11/2014,2014,7,192,4,22.645,
7/13/2014,2014,7,194,2,22.646,
7/13/2014,2014,7,194,5,22.648,
8/8/2014,2014,8,220,10,22.649,
7/12/2014,2014,7,193,4,22.65,
7/13/2014,2014,7,194,1.5,22.651,
7/13/2014,2014,7,194,7,22.652,
9/7/2014,2014,9,250,4,22.652,
7/10/2014,2014,7,191,5,22.653,
7/12/2014,2014,7,193,1.5,22.655,
8/27/2014,2014,8,239,11,22.655,
7/12/2014,2014,7,193,6,22.656,
7/26/2014,2014,7,207,2,22.66,
8/18/2014,2014,8,230,7,22.662,
8/26/2014,2014,8,238,0,22.662,D
8/17/2014,2014,8,229,9,22.664,
9/3/2014,2014,9,246,12,22.665,
7/10/2014,2014,7,191,0.5,22.668,
8/14/2014,2014,8,226,3,22.67,
8/16/2014,2014,8,228,5,22.671,
9/7/2014,2014,9,250,3,22.671,
8/12/2014,2014,8,224,9,22.673,
7/10/2014,2014,7,191,1.5,22.674,
8/18/2014,2014,8,230,0.5,22.677,
7/12/2014,2014,7,193,3,22.681,
8/18/2014,2014,8,230,5,22.681,
7/12/2014,2014,7,193,0.5,22.683,
8/3/2014,2014,8,215,9,22.683,
9/6/2014,2014,9,249,12,22.686,
7/26/2014,2014,7,207,3,22.687,
8/1/2014,2014,8,213,1.5,22.689,
8/3/2014,2014,8,215,7,22.689,
7/27/2014,2014,7,208,2,22.69,
9/8/2014,2014,9,251,6,22.69,
9/9/2014,2014,9,252,6,22.69,
9/10/2014,2014,9,253,6,22.69,
8/29/2014,2014,8,241,11,22.692,
7/25/2014,2014,7,206,6,22.693,
7/27/2014,2014,7,208,1.5,22.693,
9/6/2014,2014,9,249,0.5,22.693,
8/6/2014,2014,8,218,8,22.696,
7/10/2014,2014,7,191,3,22.698,
7/27/2014,2014,7,208,5,22.702,
8/15/2014,2014,8,227,6,22.704,
8/18/2014,2014,8,230,2,22.706,
7/26/2014,2014,7,207,0,22.711,H
7/26/2014,2014,7,207,1.5,22.711,
7/12/2014,2014,7,193,0,22.714,
7/20/2014,2014,7,201,0,22.714,
8/16/2014,2014,8,228,6,22.714,
8/14/2014,2014,8,226,2,22.715,
8/5/2014,2014,8,217,8,22.719,
8/18/2014,2014,8,230,1.5,22.719,
7/13/2014,2014,7,194,1,22.723,
8/2/2014,2014,8,214,3,22.726,
7/11/2014,2014,7,192,6,22.727,
7/22/2014,2014,7,203,9,22.731,
8/17/2014,2014,8,229,5,22.731,
7/21/2014,2014,7,202,7,22.733,
7/14/2014,2014,7,195,1.5,22.735,
7/14/2014,2014,7,195,2,22.735,
7/13/2014,2014,7,194,4,22.739,
7/13/2014,2014,7,194,3,22.74,
9/7/2014,2014,9,250,6,22.741,
7/26/2014,2014,7,207,0.5,22.742,
7/12/2014,2014,7,193,1,22.749,
9/8/2014,2014,9,251,9,22.75,
9/9/2014,2014,9,252,9,22.75,
9/10/2014,2014,9,253,9,22.75,
8/15/2014,2014,8,227,0.5,22.752,
8/15/2014,2014,8,227,2,22.752,
7/14/2014,2014,7,195,5,22.754,
7/14/2014,2014,7,195,8,22.758,
7/24/2014,2014,7,205,10,22.758,
8/18/2014,2014,8,230,9,22.758,
7/27/2014,2014,7,208,1,22.767,
7/14/2014,2014,7,195,7,22.778,
8/15/2014,2014,8,227,1.5,22.786,
8/2/2014,2014,8,214,2,22.787,
7/14/2014,2014,7,195,9,22.788,
8/15/2014,2014,8,227,4,22.79,
7/27/2014,2014,7,208,3,22.792,
9/6/2014,2014,9,249,8,22.793,
7/27/2014,2014,7,208,4,22.795,
8/18/2014,2014,8,230,4,22.797,
7/17/2014,2014,7,198,1.5,22.799,
7/13/2014,2014,7,194,6,22.803,
8/5/2014,2014,8,217,7,22.804,
7/14/2014,2014,7,195,1,22.806,
7/21/2014,2014,7,202,5,22.806,
8/18/2014,2014,8,230,1,22.807,
9/7/2014,2014,9,250,9,22.808,
7/14/2014,2014,7,195,10,22.81,
7/26/2014,2014,7,207,1,22.812,
7/27/2014,2014,7,208,6,22.815,
8/18/2014,2014,8,230,3,22.817,
7/10/2014,2014,7,191,7,22.829,D
9/6/2014,2014,9,249,5,22.831,
9/6/2014,2014,9,249,10,22.832,
7/14/2014,2014,7,195,3,22.835,
8/6/2014,2014,8,218,9,22.835,
8/15/2014,2014,8,227,3,22.836,
8/18/2014,2014,8,230,6,22.836,
7/14/2014,2014,7,195,4,22.838,
8/17/2014,2014,8,229,6,22.842,
9/6/2014,2014,9,249,2,22.843,
9/6/2014,2014,9,249,7,22.845,
8/30/2014,2014,8,242,11,22.847,
8/5/2014,2014,8,217,5,22.851,
7/21/2014,2014,7,202,0.5,22.852,
7/21/2014,2014,7,202,2,22.852,
9/6/2014,2014,9,249,1.5,22.857,
8/19/2014,2014,8,231,10,22.866,
7/21/2014,2014,7,202,1.5,22.867,
8/10/2014,2014,8,222,10,22.869,
8/6/2014,2014,8,218,7,22.882,
8/14/2014,2014,8,226,1.5,22.886,
8/9/2014,2014,8,221,10,22.887,
8/4/2014,2014,8,216,8,22.891,
8/15/2014,2014,8,227,1,22.891,
8/31/2014,2014,8,243,11,22.892,
9/5/2014,2014,9,248,12,22.896,
8/5/2014,2014,8,217,9,22.9,
8/11/2014,2014,8,223,10,22.902,
8/4/2014,2014,8,216,9,22.905,
7/21/2014,2014,7,202,4,22.911,
8/16/2014,2014,8,228,4,22.914,
9/4/2014,2014,9,247,12,22.916,
7/14/2014,2014,7,195,6,22.918,
7/22/2014,2014,7,203,8,22.918,
8/17/2014,2014,8,229,4,22.923,
7/21/2014,2014,7,202,3,22.927,
7/21/2014,2014,7,202,6,22.939,
7/21/2014,2014,7,202,1,22.943,
9/6/2014,2014,9,249,4,22.944,
9/6/2014,2014,9,249,1,22.948,
8/31/2014,2014,8,243,0,22.956,D
8/19/2014,2014,8,231,8,22.963,
9/6/2014,2014,9,249,3,22.967,
8/14/2014,2014,8,226,0.5,22.979,
8/10/2014,2014,8,222,8,22.983,
8/3/2014,2014,8,215,6,22.991,
8/5/2014,2014,8,217,4,22.993,
8/5/2014,2014,8,217,6,22.995,
8/8/2014,2014,8,220,8,22.998,
8/4/2014,2014,8,216,7,23.001,
9/6/2014,2014,9,249,9,23.001,
8/1/2014,2014,8,213,1,23.003,
9/6/2014,2014,9,249,6,23.003,
9/5/2014,2014,9,248,11,23.005,H
8/2/2014,2014,8,214,1.5,23.007,
8/24/2014,2014,8,236,10,23.01,
8/16/2014,2014,8,228,3,23.017,
8/8/2014,2014,8,220,9,23.025,
8/16/2014,2014,8,228,2,23.028,
8/7/2014,2014,8,219,8,23.029,
8/7/2014,2014,8,219,9,23.03,
8/5/2014,2014,8,217,2,23.031,
9/4/2014,2014,9,247,11,23.034,H
8/19/2014,2014,8,231,7,23.046,
8/3/2014,2014,8,215,5,23.056,
8/10/2014,2014,8,222,7,23.058,
8/5/2014,2014,8,217,3,23.061,
8/23/2014,2014,8,235,9,23.066,
7/22/2014,2014,7,203,7,23.067,
7/24/2014,2014,7,205,9,23.069,
8/19/2014,2014,8,231,5,23.069,
8/1/2014,2014,8,213,0.5,23.07,
7/24/2014,2014,7,205,8,23.074,
8/6/2014,2014,8,218,5,23.075,
9/2/2014,2014,9,245,11,23.075,H
8/8/2014,2014,8,220,7,23.087,
8/19/2014,2014,8,231,0.5,23.096,
9/5/2014,2014,9,248,0.5,23.096,
8/14/2014,2014,8,226,1,23.102,
8/19/2014,2014,8,231,2,23.113,
8/19/2014,2014,8,231,9,23.118,
7/24/2014,2014,7,205,7,23.121,
8/19/2014,2014,8,231,1.5,23.121,
8/7/2014,2014,8,219,7,23.131,
8/9/2014,2014,8,221,8,23.134,
8/8/2014,2014,8,220,5,23.137,
8/8/2014,2014,8,220,0.5,23.147,
8/17/2014,2014,8,229,3,23.148,
8/6/2014,2014,8,218,6,23.149,
8/4/2014,2014,8,216,5,23.153,
8/10/2014,2014,8,222,9,23.156,
9/1/2014,2014,9,244,11,23.158,H
7/24/2014,2014,7,205,5,23.16,
8/10/2014,2014,8,222,0,23.177,
8/16/2014,2014,8,228,1.5,23.183,
8/11/2014,2014,8,223,8,23.185,
9/4/2014,2014,9,247,0.5,23.186,
8/5/2014,2014,8,217,1.5,23.187,
8/8/2014,2014,8,220,2,23.187,
8/10/2014,2014,8,222,5,23.187,
8/19/2014,2014,8,231,4,23.188,
8/9/2014,2014,8,221,7,23.19,
8/5/2014,2014,8,217,0.5,23.191,
9/2/2014,2014,9,245,12,23.195,
9/3/2014,2014,9,246,11,23.199,H
9/5/2014,2014,9,248,1.5,23.202,
8/8/2014,2014,8,220,1.5,23.205,
7/23/2014,2014,7,204,10,23.207,H
9/5/2014,2014,9,248,2,23.207,
8/20/2014,2014,8,232,10,23.209,
8/19/2014,2014,8,231,1,23.213,
8/19/2014,2014,8,231,3,23.216,
8/25/2014,2014,8,237,0,23.216,D
8/7/2014,2014,8,219,5,23.221,
9/4/2014,2014,9,247,2,23.223,
9/5/2014,2014,9,248,5,23.223,
8/7/2014,2014,8,219,0.5,23.229,
8/22/2014,2014,8,234,9,23.229,
8/19/2014,2014,8,231,6,23.23,
8/4/2014,2014,8,216,6,23.231,
8/19/2014,2014,8,231,0,23.235,
9/5/2014,2014,9,248,8,23.237,
8/4/2014,2014,8,216,2,23.245,
8/9/2014,2014,8,221,5,23.246,
9/4/2014,2014,9,247,1.5,23.247,
8/9/2014,2014,8,221,9,23.251,
8/8/2014,2014,8,220,4,23.254,
9/4/2014,2014,9,247,5,23.254,
9/4/2014,2014,9,247,8,23.262,
8/11/2014,2014,8,223,7,23.263,
8/17/2014,2014,8,229,2,23.263,
9/5/2014,2014,9,248,7,23.267,
8/6/2014,2014,8,218,4,23.273,
8/4/2014,2014,8,216,0.5,23.278,
8/8/2014,2014,8,220,3,23.279,
8/8/2014,2014,8,220,6,23.279,
8/10/2014,2014,8,222,6,23.279,
8/4/2014,2014,8,216,1.5,23.281,
8/20/2014,2014,8,232,8,23.283,
9/5/2014,2014,9,248,1,23.284,
7/24/2014,2014,7,205,6,23.288,
9/3/2014,2014,9,246,0,23.29,
8/4/2014,2014,8,216,4,23.291,
9/4/2014,2014,9,247,7,23.294,
8/7/2014,2014,8,219,2,23.295,
8/8/2014,2014,8,220,1,23.296,
8/29/2014,2014,8,241,0,23.3,H
8/7/2014,2014,8,219,1.5,23.302,
9/5/2014,2014,9,248,10,23.304,
7/24/2014,2014,7,205,4,23.309,
8/5/2014,2014,8,217,1,23.312,
8/21/2014,2014,8,233,9,23.315,
8/21/2014,2014,8,233,8,23.319,
9/5/2014,2014,9,248,4,23.32,
8/4/2014,2014,8,216,3,23.322,
9/4/2014,2014,9,247,10,23.323,
8/28/2014,2014,8,240,10,23.324,
8/10/2014,2014,8,222,4,23.326,
8/17/2014,2014,8,229,0.5,23.327,
8/16/2014,2014,8,228,0.5,23.33,
9/5/2014,2014,9,248,3,23.331,
8/29/2014,2014,8,241,10,23.335,
8/20/2014,2014,8,232,7,23.336,
9/4/2014,2014,9,247,1,23.337,
8/25/2014,2014,8,237,10,23.342,
8/2/2014,2014,8,214,1,23.343,
8/7/2014,2014,8,219,6,23.344,
9/2/2014,2014,9,245,8,23.35,
7/17/2014,2014,7,198,0.5,23.351,
8/11/2014,2014,8,223,9,23.351,
8/29/2014,2014,8,241,8,23.355,
8/7/2014,2014,8,219,4,23.356,
8/11/2014,2014,8,223,5,23.356,
8/17/2014,2014,8,229,1.5,23.357,
8/9/2014,2014,8,221,6,23.364,
9/4/2014,2014,9,247,3,23.365,
8/23/2014,2014,8,235,8,23.368,
9/4/2014,2014,9,247,4,23.37,
8/10/2014,2014,8,222,2,23.376,
9/2/2014,2014,9,245,10,23.376,
8/9/2014,2014,8,221,2,23.382,
8/4/2014,2014,8,216,1,23.383,
8/7/2014,2014,8,219,3,23.385,
7/22/2014,2014,7,203,5,23.386,
8/7/2014,2014,8,219,1,23.386,
8/16/2014,2014,8,228,1,23.39,
8/9/2014,2014,8,221,4,23.394,
7/17/2014,2014,7,198,1,23.395,
8/29/2014,2014,8,241,0.5,23.398,
7/24/2014,2014,7,205,3,23.401,
8/10/2014,2014,8,222,3,23.401,
7/24/2014,2014,7,205,2,23.402,
7/22/2014,2014,7,203,6,23.403,
8/20/2014,2014,8,232,5,23.403,
9/2/2014,2014,9,245,7,23.407,
7/24/2014,2014,7,205,0.5,23.408,
8/29/2014,2014,8,241,5,23.413,
8/29/2014,2014,8,241,7,23.415,
9/5/2014,2014,9,248,6,23.415,
8/6/2014,2014,8,218,3,23.42,
8/21/2014,2014,8,233,7,23.42,
8/29/2014,2014,8,241,2,23.424,
8/3/2014,2014,8,215,4,23.429,
8/29/2014,2014,8,241,1.5,23.433,
8/6/2014,2014,8,218,2,23.437,
9/4/2014,2014,9,247,6,23.439,
8/9/2014,2014,8,221,1.5,23.441,
8/9/2014,2014,8,221,3,23.447,
9/1/2014,2014,9,244,0.5,23.456,
8/9/2014,2014,8,221,0.5,23.459,
9/5/2014,2014,9,248,9,23.461,
8/11/2014,2014,8,223,6,23.467,
9/2/2014,2014,9,245,5,23.468,
8/10/2014,2014,8,222,1.5,23.473,
8/20/2014,2014,8,232,9,23.473,
8/11/2014,2014,8,223,2,23.48,
9/1/2014,2014,9,244,1.5,23.48,
8/17/2014,2014,8,229,1,23.481,
9/1/2014,2014,9,244,2,23.481,
7/24/2014,2014,7,205,1.5,23.487,
9/4/2014,2014,9,247,9,23.489,
8/11/2014,2014,8,223,4,23.495,
8/30/2014,2014,8,242,0.5,23.502,
9/1/2014,2014,9,244,5,23.509,
9/2/2014,2014,9,245,0.5,23.514,
8/29/2014,2014,8,241,9,23.522,
8/29/2014,2014,8,241,1,23.523,
8/29/2014,2014,8,241,4,23.524,
9/3/2014,2014,9,246,10,23.524,
8/20/2014,2014,8,232,6,23.525,
8/22/2014,2014,8,234,8,23.525,
8/30/2014,2014,8,242,1.5,23.525,
8/30/2014,2014,8,242,2,23.525,
9/1/2014,2014,9,244,8,23.53,
8/30/2014,2014,8,242,8,23.533,
8/30/2014,2014,8,242,5,23.534,
8/30/2014,2014,8,242,10,23.536,
7/23/2014,2014,7,204,0.5,23.537,
8/2/2014,2014,8,214,0.5,23.541,
8/29/2014,2014,8,241,3,23.541,
8/11/2014,2014,8,223,3,23.543,
9/2/2014,2014,9,245,9,23.554,
7/22/2014,2014,7,203,2,23.558,
7/22/2014,2014,7,203,4,23.558,
9/1/2014,2014,9,244,7,23.559,
8/24/2014,2014,8,236,9,23.563,
9/3/2014,2014,9,246,8,23.566,
8/30/2014,2014,8,242,7,23.568,
9/2/2014,2014,9,245,2,23.57,
7/24/2014,2014,7,205,1,23.574,
8/31/2014,2014,8,243,8,23.575,
9/3/2014,2014,9,246,0.5,23.577,
7/23/2014,2014,7,204,9,23.58,
8/9/2014,2014,8,221,1,23.58,
9/1/2014,2014,9,244,1,23.58,
8/29/2014,2014,8,241,6,23.582,
8/10/2014,2014,8,222,0.5,23.583,
9/2/2014,2014,9,245,1.5,23.583,
8/31/2014,2014,8,243,10,23.584,
7/22/2014,2014,7,203,1.5,23.59,
9/1/2014,2014,9,244,10,23.59,
9/1/2014,2014,9,244,4,23.592,
9/2/2014,2014,9,245,6,23.598,
8/21/2014,2014,8,233,5,23.599,
8/24/2014,2014,8,236,8,23.603,
9/3/2014,2014,9,246,5,23.604,
9/1/2014,2014,9,244,3,23.607,
7/22/2014,2014,7,203,3,23.612,
8/26/2014,2014,8,238,10,23.614,
8/30/2014,2014,8,242,1,23.614,
9/3/2014,2014,9,246,7,23.616,
7/22/2014,2014,7,203,0.5,23.618,
8/31/2014,2014,8,243,7,23.619,
9/3/2014,2014,9,246,2,23.625,
8/27/2014,2014,8,239,8,23.626,
9/3/2014,2014,9,246,1.5,23.626,
7/23/2014,2014,7,204,8,23.627,
8/27/2014,2014,8,239,10,23.628,
8/11/2014,2014,8,223,1.5,23.631,
9/2/2014,2014,9,245,4,23.631,
8/3/2014,2014,8,215,3,23.635,
8/30/2014,2014,8,242,4,23.635,
8/31/2014,2014,8,243,5,23.638,
8/3/2014,2014,8,215,2,23.642,
8/30/2014,2014,8,242,3,23.645,
8/23/2014,2014,8,235,7,23.649,
8/6/2014,2014,8,218,1.5,23.657,
8/28/2014,2014,8,240,0.5,23.658,
8/21/2014,2014,8,233,6,23.662,
8/10/2014,2014,8,222,1,23.664,
8/27/2014,2014,8,239,5,23.667,
8/27/2014,2014,8,239,7,23.667,
9/2/2014,2014,9,245,3,23.668,
7/23/2014,2014,7,204,1.5,23.669,
7/23/2014,2014,7,204,7,23.674,
8/22/2014,2014,8,234,7,23.674,
7/23/2014,2014,7,204,5,23.676,
7/23/2014,2014,7,204,2,23.677,
9/2/2014,2014,9,245,1,23.677,
8/1/2014,2014,8,213,0,23.679,
7/22/2014,2014,7,203,1,23.684,
9/17/2014,2014,9,260,0,23.685,D
8/20/2014,2014,8,232,4,23.688,
8/3/2014,2014,8,215,0.5,23.696,
8/3/2014,2014,8,215,1.5,23.699,
9/1/2014,2014,9,244,6,23.704,
8/28/2014,2014,8,240,8,23.705,
9/3/2014,2014,9,246,9,23.711,
9/3/2014,2014,9,246,1,23.715,
8/22/2014,2014,8,234,5,23.718,
9/3/2014,2014,9,246,4,23.718,
8/30/2014,2014,8,242,6,23.72,
8/24/2014,2014,8,236,7,23.727,
8/28/2014,2014,8,240,1.5,23.727,
8/30/2014,2014,8,242,9,23.729,
8/28/2014,2014,8,240,2,23.73,
8/28/2014,2014,8,240,5,23.734,
9/3/2014,2014,9,246,3,23.74,
7/23/2014,2014,7,204,1,23.745,
8/9/2014,2014,8,221,0,23.747,
8/31/2014,2014,8,243,9,23.755,
9/1/2014,2014,9,244,9,23.757,
8/31/2014,2014,8,243,2,23.758,
8/25/2014,2014,8,237,8,23.759,
8/28/2014,2014,8,240,7,23.759,
8/27/2014,2014,8,239,2,23.764,
7/23/2014,2014,7,204,3,23.765,
8/25/2014,2014,8,237,9,23.767,
7/23/2014,2014,7,204,4,23.768,
8/31/2014,2014,8,243,4,23.77,
8/31/2014,2014,8,243,6,23.772,
8/31/2014,2014,8,243,0.5,23.778,
8/21/2014,2014,8,233,4,23.781,
9/3/2014,2014,9,246,6,23.784,
8/27/2014,2014,8,239,4,23.788,
8/31/2014,2014,8,243,1.5,23.789,
8/26/2014,2014,8,238,8,23.79,
8/3/2014,2014,8,215,1,23.792,
8/28/2014,2014,8,240,9,23.797,
8/28/2014,2014,8,240,1,23.812,
8/27/2014,2014,8,239,9,23.815,
8/20/2014,2014,8,232,3,23.82,
8/31/2014,2014,8,243,3,23.823,
8/20/2014,2014,8,232,2,23.825,
8/27/2014,2014,8,239,6,23.826,
8/26/2014,2014,8,238,5,23.829,
7/23/2014,2014,7,204,6,23.832,
8/28/2014,2014,8,240,4,23.832,
8/27/2014,2014,8,239,3,23.836,
8/26/2014,2014,8,238,0.5,23.837,
8/26/2014,2014,8,238,7,23.837,
8/22/2014,2014,8,234,4,23.847,
8/28/2014,2014,8,240,3,23.848,
8/25/2014,2014,8,237,7,23.862,
8/11/2014,2014,8,223,0.5,23.863,
8/21/2014,2014,8,233,2,23.864,
8/21/2014,2014,8,233,0.5,23.866,
8/22/2014,2014,8,234,6,23.866,
8/23/2014,2014,8,235,0,23.877,
8/27/2014,2014,8,239,1.5,23.878,
8/22/2014,2014,8,234,2,23.885,
8/21/2014,2014,8,233,3,23.886,
8/26/2014,2014,8,238,2,23.887,
8/21/2014,2014,8,233,1.5,23.893,
8/6/2014,2014,8,218,0.5,23.896,
8/24/2014,2014,8,236,5,23.897,
8/28/2014,2014,8,240,6,23.911,
8/22/2014,2014,8,234,3,23.912,
8/20/2014,2014,8,232,1.5,23.917,
8/31/2014,2014,8,243,1,23.925,
8/25/2014,2014,8,237,5,23.928,
8/26/2014,2014,8,238,1.5,23.938,
8/20/2014,2014,8,232,0.5,23.944,
8/26/2014,2014,8,238,9,23.948,
8/26/2014,2014,8,238,4,23.952,
8/6/2014,2014,8,218,1,23.953,
8/23/2014,2014,8,235,6,23.965,
8/11/2014,2014,8,223,1,23.969,
8/26/2014,2014,8,238,3,23.972,
8/24/2014,2014,8,236,6,23.973,
8/21/2014,2014,8,233,1,23.98,
8/23/2014,2014,8,235,5,23.98,
8/26/2014,2014,8,238,6,23.997,
8/11/2014,2014,8,223,0,24.001,
8/25/2014,2014,8,237,0.5,24.027,
8/27/2014,2014,8,239,0.5,24.032,
8/24/2014,2014,8,236,2,24.043,
8/26/2014,2014,8,238,1,24.045,
8/25/2014,2014,8,237,2,24.046,
8/20/2014,2014,8,232,1,24.048,
8/25/2014,2014,8,237,1.5,24.048,
8/24/2014,2014,8,236,0.5,24.054,
8/24/2014,2014,8,236,1.5,24.058,
8/25/2014,2014,8,237,6,24.059,
8/22/2014,2014,8,234,1.5,24.075,
7/21/2014,2014,7,202,0,24.081,
8/25/2014,2014,8,237,4,24.085,
8/24/2014,2014,8,236,4,24.088,
8/27/2014,2014,8,239,1,24.137,
8/25/2014,2014,8,237,1,24.138,
8/24/2014,2014,8,236,3,24.139,
8/25/2014,2014,8,237,3,24.14,
8/24/2014,2014,8,236,1,24.152,
8/23/2014,2014,8,235,2,24.199,
8/23/2014,2014,8,235,4,24.211,
8/23/2014,2014,8,235,0.5,24.213,
8/23/2014,2014,8,235,1.5,24.216,
8/16/2014,2014,8,228,0,24.245,
7/10/2014,2014,7,191,0,24.246,D
8/23/2014,2014,8,235,3,24.285,
8/23/2014,2014,8,235,1,24.304,
8/22/2014,2014,8,234,1,24.324,
8/24/2014,2014,8,236,0,24.396,
8/3/2014,2014,8,215,0,24.58,
8/22/2014,2014,8,234,0.5,24.816,
8/2/2014,2014,8,214,0,24.96,H
8/20/2014,2014,8,232,0,25.095,
8/6/2014,2014,8,218,0,25.211,
7/22/2014,2014,7,203,0,25.229,
7/10/2014,2014,7,191,2,25.48,
7/10/2014,2014,7,191,4,25.504,
7/10/2014,2014,7,191,6,25.509,
7/10/2014,2014,7,191,1,25.513,
6/18/2014,2014,6,169,1,26.95,
6/18/2014,2014,6,169,2,26.95,H
6/18/2014,2014,6,169,4,26.95,H
6/18/2014,2014,6,169,6,26.95,H
6/19/2014,2014,6,170,1,26.95,
6/19/2014,2014,6,170,2,26.95,H
6/19/2014,2014,6,170,4,26.95,H
6/19/2014,2014,6,170,6,26.95,H
6/20/2014,2014,6,171,1,26.95,
6/20/2014,2014,6,171,2,26.95,H
6/20/2014,2014,6,171,4,26.95,H
6/20/2014,2014,6,171,6,26.95,H
6/21/2014,2014,6,172,1,26.95,
6/21/2014,2014,6,172,2,26.95,H
6/21/2014,2014,6,172,4,26.95,H
6/21/2014,2014,6,172,6,26.95,H
6/22/2014,2014,6,173,1,26.95,
6/22/2014,2014,6,173,2,26.95,H
6/22/2014,2014,6,173,4,26.95,H
6/22/2014,2014,6,173,6,26.95,H
6/23/2014,2014,6,174,1,26.95,
6/23/2014,2014,6,174,2,26.95,H
6/23/2014,2014,6,174,4,26.95,H
6/23/2014,2014,6,174,6,26.95,H
6/24/2014,2014,6,175,1,26.95,
6/24/2014,2014,6,175,2,26.95,H
6/24/2014,2014,6,175,4,26.95,H
6/24/2014,2014,6,175,6,26.95,H
6/25/2014,2014,6,176,1,26.95,
6/25/2014,2014,6,176,2,26.95,H
6/25/2014,2014,6,176,4,26.95,H
6/25/2014,2014,6,176,6,26.95,H
6/26/2014,2014,6,177,1,26.95,
6/26/2014,2014,6,177,2,26.95,H
6/26/2014,2014,6,177,4,26.95,H
6/26/2014,2014,6,177,6,26.95,H
6/27/2014,2014,6,178,1,26.95,
6/27/2014,2014,6,178,2,26.95,H
6/27/2014,2014,6,178,4,26.95,H
6/27/2014,2014,6,178,6,26.95,H
6/28/2014,2014,6,179,1,26.95,
6/28/2014,2014,6,179,2,26.95,H
6/28/2014,2014,6,179,4,26.95,H
6/28/2014,2014,6,179,6,26.95,H
6/29/2014,2014,6,180,1,26.95,
6/29/2014,2014,6,180,2,26.95,H
6/29/2014,2014,6,180,4,26.95,H
6/29/2014,2014,6,180,6,26.95,H
6/30/2014,2014,6,181,1,26.95,
6/30/2014,2014,6,181,2,26.95,H
6/30/2014,2014,6,181,4,26.95,H
6/30/2014,2014,6,181,6,26.95,H
7/1/2014,2014,7,182,1,26.95,
7/1/2014,2014,7,182,2,26.95,
7/1/2014,2014,7,182,4,26.95,
7/1/2014,2014,7,182,6,26.95,
7/2/2014,2014,7,183,1,26.95,
7/2/2014,2014,7,183,2,26.95,
7/2/2014,2014,7,183,4,26.95,
7/2/2014,2014,7,183,6,26.95,
7/3/2014,2014,7,184,1,26.95,
7/3/2014,2014,7,184,2,26.95,
7/3/2014,2014,7,184,4,26.95,
7/3/2014,2014,7,184,6,26.95,
7/4/2014,2014,7,185,1,26.95,
7/4/2014,2014,7,185,2,26.95,
7/4/2014,2014,7,185,4,26.95,
7/4/2014,2014,7,185,6,26.95,
7/5/2014,2014,7,186,1,26.95,
7/5/2014,2014,7,186,2,26.95,
7/5/2014,2014,7,186,4,26.95,
7/5/2014,2014,7,186,6,26.95,
7/6/2014,2014,7,187,1,26.95,
7/6/2014,2014,7,187,2,26.95,
7/6/2014,2014,7,187,4,26.95,
7/6/2014,2014,7,187,6,26.95,
7/7/2014,2014,7,188,1,26.95,
7/7/2014,2014,7,188,2,26.95,
7/7/2014,2014,7,188,4,26.95,
7/7/2014,2014,7,188,6,26.95,
7/8/2014,2014,7,189,1,26.95,
7/8/2014,2014,7,189,2,26.95,
7/8/2014,2014,7,189,4,26.95,
7/8/2014,2014,7,189,6,26.95,
7/9/2014,2014,7,190,1,26.95,
7/9/2014,2014,7,190,2,26.95,
7/9/2014,2014,7,190,4,26.95,
7/9/2014,2014,7,190,6,26.95,
8/22/2014,2014,8,234,0,26.985,