"PERMANENT_ID","lake.name","date","year","month","day","Z.max","sample.depth","sample.layer","TotalP.ug.L","MRP.ug.L","TFP.ug.L","TotalN","chl.a.ug.L","Fe"
131843856,"Big Moose",1994-06-30,1994,6,30,22.8,6,"Ye",5.5,3.2,2.4,0.66,0.82,"0.2"
131843856,"Big Moose",1994-07-25,1994,7,25,23,6,"Ye",4.8,1.6,0.5,0.57,0.94,"0.14"
131843856,"Big Moose",1994-08-30,1994,8,30,22.4,9,"Ye",1.5,1.6,3.8,0.43,1.88,"0.05"
131843856,"Big Moose",1995-06-20,1995,6,20,17.5,4,"Ye",9.7,2.1,7.2,0.82,NA,"0.05"
131843856,"Big Moose",1995-08-07,1995,8,7,22,7,"Ye",1.2,2.49,7.7,0.7,1.24,"0.17"
131843856,"Big Moose",1995-09-12,1995,9,12,22.8,10,"Ye",1.3,1.79,4.12,0.42,0.48,"0.13"
131843856,"Big Moose",1996-06-26,1996,6,26,18.6,3,"Ye",8.43,1.81,0.5,0.46,1.28,"0.16"
131843856,"Big Moose",1996-07-23,1996,7,23,22,6,"Ye",5.13,0.5,0.5,0.59,0.45,"0.2"
131843856,"Big Moose",1996-08-20,1996,8,20,21.8,5,"Ye",7.71,0.5,0.5,0.62,0.43,"0.12"
131843856,"Big Moose",1997-07-09,1997,7,9,22,5,"Ye",5,1.07,0.5,0.51,1.23,"0.13"
131843856,"Big Moose",1997-08-19,1997,8,19,21.3,6,"Ye",5.4,1.2,1.7,0.49,1.6,"0.14"
131843856,"Big Moose",1998-07-14,1998,7,14,21,4,"Ye",6.25,1.63,2.25,0.54,1.43,"0.15"
131843856,"Big Moose",1998-08-17,1998,8,17,22.5,6,"Ye",6,2.39,5.3,0.39,3.35,"0.21"
131843856,"Big Moose",1999-06-30,1999,6,30,18,4,"Ye",5.17,2.24,1.48,0.41,1.01,"0.17"
131843856,"Big Moose",1999-08-24,1999,8,24,19,6,"Ye",3.25,2.29,0.5,0.47,1.58,"0.16"
131843856,"Big Moose",2000-07-19,2000,7,19,21.6,7,"Ye",3.99,3.22,2.26,0.39,1.71,"0.24"
131843856,"Big Moose",2000-08-23,2000,8,23,22.5,8,"Ye",6.81,3.55,2.19,0.33,2.77,"0.26"
131843856,"Big Moose",2001-07-18,2001,7,18,22.5,6,"Ye",4.01,2.67,1.47,0.41,1.46,"0.13"
131843856,"Big Moose",2001-08-08,2001,8,8,21.3,4,"Ye",4.07,0.5,1.7,0.39,1.61,"0.13"
131843856,"Big Moose",2002-08-14,2002,8,14,21.2,6,"Ye",3.7,3.92,1.77,0.35,0.98,"0.13"
131843856,"Big Moose",2002-09-17,2002,9,17,21.3,9,"Ye",3.4,1.35,1.41,0.35,1.45,"0.13"
131843856,"Big Moose",2003-07-16,2003,7,16,22,6,"Ye",5.1,1.11,0.5,0.49,1.53,"0.19"
131843856,"Big Moose",2003-09-05,2003,9,5,20,7,"Ye",3.01,0.5,1.44,0.37,3.12,"0.13"
131843856,"Big Moose",2004-07-07,2004,7,7,22.5,6,"Ye",6.04,0.5,1.39,0.35,1.41,"0.13"
131843856,"Big Moose",2004-08-10,2004,8,10,24,6,"Ye",1.61,1.64,1.57,0.37,3.31,"0.13"
131843856,"Big Moose",2005-07-20,2005,7,20,23.3,4,"Ye",2.32,0.5,1.27,0.41,3.15,"0.34"
131843856,"Big Moose",2005-08-17,2005,8,17,23.2,5,"Ye",3.34,2.48,2.93,0.23,4.74,"0.26"
131843856,"Big Moose",2006-07-17,2006,7,17,22.6,4,"Ye",5.85,3.31,1.77,0.38,4.3,"0.44"
131843856,"Big Moose",2006-08-16,2006,8,16,20.5,6,"Ye",7.81,3.84,1.1,0.31,4.05,"0.13"
131843856,"Big Moose",2007-07-12,2007,7,12,21,5,"Ye",3.7,4.81,2.35,0.24,1.78,"0.13"
131843856,"Big Moose",2007-07-31,2007,7,31,21,6,"Ye",7.8,4.18,0.5,0.4,3.05,"0.16"
131843856,"Big Moose",2008-07-01,2008,7,1,20.9,5,"Ye",3.76,3.87,0.5,0.25,0.41,"0.13"
131843856,"Big Moose",2008-08-04,2008,8,4,20.5,6,"Ye",4.93,1.28,0.91,0.33,3.58,"0.13"
131843856,"Big Moose",2010-07-08,2010,7,8,21,1,"Ye",5.21,4.8,0.13,0.22,3.4,"0.13"
131843856,"Big Moose",2010-08-18,2010,8,18,22.5,6,"Ye",4.78,3.5,4.12,0.26,7.57,"0.14"
131843856,"Big Moose",2011-07-12,2011,7,12,21.5,5,"Ye",8.69,2.04,2.65,0.35,3.33,"0.29"
131843856,"Big Moose",2011-08-09,2011,8,9,21,5,"Ye",4.62,5.29,1.46,0.2,3.63,"0.36"
131843856,"Big Moose",2012-07-09,2012,7,9,21,4,"Ye",4.758,3.06,4.541,0.463,4.2,"0.231"
131843856,"Big Moose",2012-08-07,2012,8,7,18,6,"Ye",3.882,3.06,0.381,0.468,4.32,"0.195"
131843856,"Big Moose",2003-08-13,2003,8,13,NA,NA,"Ye",4.16,1.21,1.54,0.41,2.06,"0.3"
131845828,"Brooktrout",1994-07-13,1994,7,13,20,5,"Ye",4.8,1.5,0.5,0.22,0.38,"0.05"
131845828,"Brooktrout",1994-07-26,1994,7,26,23,5,"Ye",1.3,1.6,1.1,0.27,0.21,"0.05"
131845828,"Brooktrout",1994-08-22,1994,8,22,24.3,7,"Ye",0.5,1,0.5,0.24,0.16,"0.05"
131845828,"Brooktrout",1995-06-12,1995,6,12,19.5,4,"Ye",3.6,3.8,2.8,0.52,0.41,"0.05"
131845828,"Brooktrout",1995-08-14,1995,8,14,24.5,9,"Ye",0.5,0.5,0.5,0.31,0.36,"0.05"
131845828,"Brooktrout",1995-09-05,1995,9,5,20,10,"Ye",0.5,1.02,0.5,0.2,0.71,"0.05"
131845828,"Brooktrout",1996-06-27,1996,6,27,21.9,10,"Ye",1.33,1.57,0.5,0.31,3.07,"0.05"
131845828,"Brooktrout",1996-07-17,1996,7,17,21.5,4,"Ye",2.31,1.34,0.5,0.15,0.92,"0.05"
131845828,"Brooktrout",1996-08-13,1996,8,13,20.2,5,"Ye",1,1.83,0.5,0.33,1.62,"0.05"
131845828,"Brooktrout",1997-07-07,1997,7,7,21.5,4,"Ye",3,2.01,0.5,0.21,2.19,"0.13"
131845828,"Brooktrout",1997-08-11,1997,8,11,23.5,4,"Ye",4.7,1.7,1.6,0.26,2.8,"0.05"
131845828,"Brooktrout",1998-07-07,1998,7,7,23,3,"Ye",4.29,2.79,3.05,0.19,12.26,"0.05"
131845828,"Brooktrout",1998-08-12,1998,8,12,24.5,5,"Ye",2.1,1.74,1.7,0.24,2.99,"0.05"
131845828,"Brooktrout",1999-07-06,1999,7,6,21,4,"Ye",1.83,0.5,3.66,0.21,1.48,"0.06"
131845828,"Brooktrout",1999-08-16,1999,8,16,24,6,"Ye",8.63,0.5,1.59,0.17,2.93,"0.05"
131845828,"Brooktrout",2000-07-11,2000,7,11,24.5,4,"Ye",4.68,3.13,0.5,0.23,10.72,"0.05"
131845828,"Brooktrout",2000-08-14,2000,8,14,24,4,"Ye",5,4.32,2.26,0.25,8.63,"0.1"
131845828,"Brooktrout",2001-07-09,2001,7,9,22.3,5,"Ye",3.42,1.76,1.04,0.24,2.43,"0.13"
131845828,"Brooktrout",2001-09-05,2001,9,5,23.8,6,"Ye",3.55,3.5,1.08,0.2,6.48,"0.13"
131845828,"Brooktrout",2002-09-12,2002,9,12,14.5,7,"Ye",2.74,2.7,0.5,0.23,5.77,"0.13"
131845828,"Brooktrout",2002-09-19,2002,9,19,20,6,"Ye",3.74,3.67,0.5,0.23,6.08,"0.13"
131845828,"Brooktrout",2003-07-08,2003,7,8,20.5,3,"Ye",4.48,4.62,2.11,0.16,9.26,"0.13"
131845828,"Brooktrout",2003-08-05,2003,8,5,21.5,4,"Ye",4.52,3.45,1.03,0.21,10.6,"0.13"
131845828,"Brooktrout",2004-07-12,2004,7,12,21,4,"Ye",2.24,1.18,1.5,0.32,0.6,"0.13"
131845828,"Brooktrout",2004-08-02,2004,8,2,17,4,"Ye",1.42,1.01,2.07,0.28,0.7,"0.13"
131845828,"Brooktrout",2005-07-11,2005,7,11,23.5,4,"Ye",2.64,0.5,0.5,0.32,2.81,"0.13"
131845828,"Brooktrout",2005-08-08,2005,8,8,23,4,"Ye",2.56,1.72,0.5,0.23,1.29,"0.13"
131845828,"Brooktrout",2006-07-11,2006,7,11,23,3,"Ye",3.07,2.58,1.07,0.25,2.74,"0.13"
131845828,"Brooktrout",2006-08-09,2006,8,9,24.5,4,"Ye",4.77,2.63,1.36,0.23,4.86,"0.13"
131845828,"Brooktrout",2007-07-17,2007,7,17,23.2,5,"Ye",2.71,1.03,0.67,0.33,2.68,"0.13"
131845828,"Brooktrout",2007-08-02,2007,8,2,23,4,"Ye",3.89,3.79,0.5,0.29,2.65,"0.23"
131845828,"Brooktrout",2008-07-02,2008,7,2,24.5,4,"Ye",NA,2.13,1.26,0.27,4.4,""
131845828,"Brooktrout",2008-08-07,2008,8,7,24.3,5,"Ye",3.38,1.8,1.2,0.13,3.21,"0.13"
131845828,"Brooktrout",2010-07-15,2010,7,15,21,5,"Ye",4.71,12.8,0.01,0.32,2.65,"0.13"
131845828,"Brooktrout",2010-08-10,2010,8,10,22.8,5,"Ye",2.36,1.51,1.65,0.1,3.27,"0.13"
131845828,"Brooktrout",2011-07-19,2011,7,19,21.5,3,"Ye",3.25,1.45,2.66,0.2,0.7,"0.21"
131845828,"Brooktrout",2011-08-17,2011,8,17,22,6,"Ye",1.57,2.51,2.82,0.19,1,"0.03"
131845828,"Brooktrout",2012-07-19,2012,7,19,19,5,"Ye",5.22,1.9,0.381,0.299,1.24,"0.044"
131845828,"Brooktrout",2012-08-14,2012,8,14,21.5,6,"Ye",2.912,2.12,0.381,0.312,1.27,"0.046"
89365069,"Carry",1994-07-14,1994,7,14,4.3,4,"N",6.5,0.5,3.8,0.16,1.95,"0.05"
89365069,"Carry",1994-07-26,1994,7,26,4,3,"N",7.6,1.4,2.9,0.19,1.39,"0.12"
89365069,"Carry",1994-08-22,1994,8,22,4,3,"N",14.3,3.6,7,0.33,2.38,"0.19"
89365069,"Carry",1995-06-12,1995,6,12,4,3.5,"N",24.5,3.8,7.2,0.42,3.3,"0.05"
89365069,"Carry",1995-08-14,1995,8,14,3.8,3.5,"N",18.5,5.9,3.5,0.39,3.69,"0.1"
89365069,"Carry",1995-09-05,1995,9,5,3.8,3.5,"N",6.66,4.7,2.5,0.16,2.47,"3.7"
89365069,"Carry",1996-06-27,1996,6,27,4.5,2,"Ye",8.08,0.5,2,1.29,2.41,"0.05"
89365069,"Carry",1996-07-17,1996,7,17,4.3,2,"Ye",9,0.98,5.13,0.45,0.88,"0.05"
89365069,"Carry",1996-08-13,1996,8,13,4.3,3,"N",11.03,3.13,4.58,0.24,2.58,"0.05"
89365069,"Carry",1997-07-07,1997,7,7,3.8,3,"N",9.4,1.42,4.6,0.22,1.08,"0.16"
89365069,"Carry",1997-08-11,1997,8,11,4,3.5,"N",22.8,3.3,4,0.33,3.9,"0.14"
89365069,"Carry",1998-07-07,1998,7,7,4.6,4,"N",8.52,1.89,4.39,0.21,0.98,"0.05"
89365069,"Carry",1998-08-12,1998,8,12,4.2,3,"N",7.6,0.5,2.68,0.21,2.19,"0.12"
89365069,"Carry",1999-07-06,1999,7,6,4.2,3,"Ye",22.85,5.18,3.66,0.78,0.57,"0.16"
89365069,"Carry",1999-08-16,1999,8,16,3.8,3,"N",23,1.37,9.67,0.42,2.82,"0.29"
89365069,"Carry",2000-07-11,2000,7,11,4.3,4,"N",8.46,0.87,5.37,0.2,6.14,"0.11"
89365069,"Carry",2000-08-14,2000,8,14,3.9,3,"N",8.51,1.01,3.44,0.24,1.22,"0.11"
89365069,"Carry",2001-07-09,2001,7,9,3.8,3,"N",13.08,1.13,4.6,0.05,0.84,"0.13"
89365069,"Carry",2001-09-05,2001,9,5,3.4,3,"N",15.73,5.43,6.13,0.44,3.15,"0.32"
89365069,"Carry",2002-09-12,2002,9,12,4.1,4,"N",8.89,1.4,3.07,0.21,2.15,"0.13"
89365069,"Carry",2002-09-20,2002,9,20,4,3.5,"N",10.17,1.13,4.91,0.3,2.31,"0.13"
89365069,"Carry",2003-07-08,2003,7,8,4,3.5,"N",12.05,1.44,3.01,0.15,2.28,"0.13"
89365069,"Carry",2003-08-05,2003,8,5,3.9,3.5,"N",10.54,1.11,3.94,0.2,1.9,"0.13"
89365069,"Carry",2004-07-12,2004,7,12,4.5,4,"N",9.23,1.18,5.39,0.19,1.42,"0.13"
89365069,"Carry",2004-08-02,2004,8,2,4.3,4,"N",7.16,1.82,4.31,0.21,1.36,"0.13"
89365069,"Carry",2005-07-11,2005,7,11,4.6,3.5,"N",10.94,0.5,4.71,0.19,1.11,"0.13"
89365069,"Carry",2005-08-08,2005,8,8,4.2,4,"N",11.16,1.39,5.4,0.18,1.99,"0.13"
89365069,"Carry",2006-07-11,2006,7,11,4.5,2,"Ye",19.96,1.42,10.48,0.44,NA,"0.13"
89365069,"Carry",2006-08-08,2006,8,8,4.4,2,"Ye",14.04,3.37,7.35,0.33,3.77,"0.13"
131844130,"Cascade",1994-06-20,1994,6,20,5.8,5,"N",6.2,1.3,6,0.55,1.54,"0.12"
131844130,"Cascade",1994-07-25,1994,7,25,5.7,5,"N",3,1.6,1.7,NA,NA,"0.12"
131844130,"Cascade",1994-08-22,1994,8,22,6.1,5,"N",6.4,2.1,2.1,0.41,1.56,"0.12"
131844130,"Cascade",1995-06-13,1995,6,13,5.3,5,"N",7.3,2.1,5.9,NA,0.54,"0.05"
131844130,"Cascade",1995-08-15,1995,8,15,5.8,5,"N",3.1,0.5,NA,0.4,0.81,"0.05"
131844130,"Cascade",1995-09-06,1995,9,6,5.7,5.5,"N",1.56,0.5,1.3,0.28,0.87,"0.05"
131844130,"Cascade",1996-06-18,1996,6,18,5.9,2,"Ye",2.4,1.48,0.5,0.58,0.16,"0.05"
131844130,"Cascade",1996-07-17,1996,7,17,6,4,"Ye",4.98,0.5,0.5,0.48,1.62,"0.05"
131844130,"Cascade",1996-08-13,1996,8,13,6,5,"N",3.34,2.2,2.47,0.43,1.85,"0.05"
131844130,"Cascade",1997-07-07,1997,7,7,5.5,4,"N",3,1.42,1.5,0.53,0.59,"0.15"
131844130,"Cascade",1997-08-11,1997,8,11,5.8,5,"N",5.8,1,3.1,0.55,1.8,"0.05"
131844130,"Cascade",1998-07-07,1998,7,7,6.2,3,"Ye",4.29,1.49,1.37,0.38,1.31,"0.05"
131844130,"Cascade",1998-08-11,1998,8,11,5.7,5,"N",6.47,1.99,3.51,0.39,1.93,"0.05"
131844130,"Cascade",1999-07-07,1999,7,7,5.8,5,"N",3.71,1.23,4.86,0.43,1.07,"0.07"
131844130,"Cascade",1999-08-17,1999,8,17,5.6,5,"N",7.3,0.5,2.24,0.3,1.29,"0.23"
131844130,"Cascade",2000-07-11,2000,7,11,5.8,5,"N",6.57,1.4,3.13,0.42,1.37,"0.05"
131844130,"Cascade",2000-08-15,2000,8,15,5.7,5,"N",7.99,1.3,2.6,0.38,1.37,"0.1"
131844130,"Cascade",2001-07-09,2001,7,9,5.8,5,"N",4.43,2.07,1.72,0.49,1.89,"0.13"
131844130,"Cascade",2001-09-06,2001,9,6,5,5,"N",3.31,2.1,1.25,0.3,2.28,"0.13"
131844130,"Cascade",2002-08-27,2002,8,27,5.8,5,"N",5.2,1.67,1.45,0.31,1.77,"0.13"
131844130,"Cascade",2002-09-17,2002,9,17,5.5,5,"N",5.08,2.16,1.8,0.3,2.18,"0.13"
131844130,"Cascade",2003-07-10,2003,7,10,5.5,4,"Ye",5.28,1.04,1.71,0.43,1.26,"0.13"
131844130,"Cascade",2003-08-07,2003,8,7,5.6,5,"N",4.86,0.5,1.15,0.42,1.37,"0.13"
131844130,"Cascade",2004-07-21,2004,7,21,5.7,5,"N",2.16,1.6,3.35,0.41,1.78,"0.13"
131844130,"Cascade",2004-08-04,2004,8,4,5.5,5,"N",3.02,NA,2.59,0.37,1.71,"0.13"
131844130,"Cascade",2005-07-13,2005,7,13,5.6,5,"N",6.97,1.5,1.54,0.37,1.39,"0.13"
131844130,"Cascade",2005-08-10,2005,8,10,5.5,5,"N",4.98,2.63,6.62,0.37,3.09,"0.13"
131844130,"Cascade",2006-07-14,2006,7,14,5.6,4,"Ye",7.44,1.59,1.57,0.32,1.49,"0.13"
131844130,"Cascade",2006-08-10,2006,8,10,6.1,5,"N",4.11,1.25,1.89,0.27,1.59,"0.13"
131844130,"Cascade",2007-07-12,2007,7,12,5.5,4,"Ye",9.29,5.54,1.71,0.65,2.31,"0.13"
131844130,"Cascade",2007-08-01,2007,8,1,5.7,5,"N",4.25,2.43,1.08,0.48,1.81,"0.05"
131844130,"Cascade",2008-07-01,2008,7,1,6,5,"N",3.98,3.75,1.37,0.25,3.09,""
131844130,"Cascade",2008-08-05,2008,8,5,5.8,5,"N",2.87,1.59,1.73,0.13,1.53,"0.13"
131844130,"Cascade",2010-07-13,2010,7,13,5.5,5,"N",5.55,4.72,1.48,0.22,2.84,"0.13"
131844130,"Cascade",2010-08-11,2010,8,11,5.5,5,"N",2.36,2.67,2.6,0.13,4.58,"0.13"
131844130,"Cascade",2011-07-11,2011,7,11,5.9,3,"Ye",3.94,3.31,3.63,0.27,1.42,"0.17"
131844130,"Cascade",2011-08-09,2011,8,9,5.7,4,"Ye",3.82,3.86,1.99,0.24,5.99,"0.09"
131844130,"Cascade",2012-07-10,2012,7,10,5.7,4,"Ye",4.29,3.5,1.436,0.468,3.21,"0.03"
131844130,"Cascade",2012-08-07,2012,8,7,5,5,"Ye",4.722,4.35,0.381,0.487,2.96,"0.118"
131843304,"Constable",1994-06-20,1994,6,20,3.8,3,"N",5,1.8,3,0.44,2.25,"0.14"
131843304,"Constable",1994-07-25,1994,7,25,3.9,3,"N",5.3,2.5,0.5,0.48,3.47,"0.26"
131843304,"Constable",1994-08-23,1994,8,23,4,3,"N",4.6,3,2,0.34,0.41,"0.24"
131843304,"Constable",1995-06-13,1995,6,13,3.9,3,"N",6.9,3.3,0.5,0.49,0.93,"0.05"
131843304,"Constable",1995-08-15,1995,8,15,4,3.5,"N",4.8,0.5,1.9,0.37,1.38,"0.16"
131843304,"Constable",1995-09-06,1995,9,6,4.4,3.5,"N",2.08,1.36,1.3,0.27,2.25,"0.24"
131843304,"Constable",1996-06-18,1996,6,18,4,2.5,"Ye",3.2,1.93,0.5,0.6,2.49,"0.12"
131843304,"Constable",1996-07-18,1996,7,18,3.9,3,"Ye",3.41,2.31,1.63,0.43,0.99,"0.23"
131843304,"Constable",1996-08-15,1996,8,15,3.7,3,"N",4.26,1.05,1.36,0.56,3.45,"0.33"
131843304,"Constable",1997-07-10,1997,7,10,4,3,"Ye",8.7,1.52,2.5,0.52,2.82,"0.2"
131843304,"Constable",1997-08-12,1997,8,12,4,3,"Ye",8.4,1.6,1.3,0.53,1.8,"0.28"
131843304,"Constable",1998-07-08,1998,7,8,4.2,2,"Ye",6.83,1,1.88,0.52,1.81,"0.35"
131843304,"Constable",1998-08-11,1998,8,11,3.8,2,"Ye",3.3,2.31,2.18,0.41,2.68,"0.29"
131843304,"Constable",1999-07-07,1999,7,7,4.1,3,"N",5.59,1.54,2.16,0.44,1.85,"0.36"
131843304,"Constable",1999-08-17,1999,8,17,4.5,3,"N",6.14,1.61,2.02,0.33,3.93,"0.53"
131843304,"Constable",2000-07-12,2000,7,12,3.9,2,"Ye",5.71,1.16,1.22,0.39,1.44,"0.23"
131843304,"Constable",2000-08-15,2000,8,15,4,3,"Ye",6.4,1.77,0.5,0.34,2.33,"0.31"
131843304,"Constable",2001-07-10,2001,7,10,3.7,3,"N",6.15,0.61,2.06,0.34,0.76,"0.13"
131843304,"Constable",2001-09-06,2001,9,6,4.2,3,"Ye",5.37,2,2.13,0.37,0.65,"0.33"
131843304,"Constable",2002-08-28,2002,8,28,3.9,3.5,"N",4.55,1.36,0.5,0.45,0,"0.63"
131843304,"Constable",2002-09-24,2002,9,24,3.9,3.5,"N",5.46,2.39,1.74,0.41,1.96,"0.51"
131843304,"Constable",2003-07-10,2003,7,10,3.7,3.5,"N",4.23,1.19,1.1,0.29,1.34,"0.13"
131843304,"Constable",2003-08-07,2003,8,7,4.2,2,"Ye",5.98,1.2,0.5,0.39,2.34,"0.38"
131843304,"Constable",2004-07-21,2004,7,21,4.3,2,"Ye",4.16,1.76,2.51,0.43,2.4,"0.13"
131843304,"Constable",2004-08-04,2004,8,4,4.2,2.5,"Ye",3.68,NA,2.24,0.39,5.14,"0.4"
131843304,"Constable",2005-07-13,2005,7,13,4.1,2,"Ye",5.07,2.27,1.59,0.35,3.02,"0.4"
131843304,"Constable",2005-08-10,2005,8,10,4.1,2,"Ye",5.19,2.43,1.77,0.35,1.61,"0.56"
131843304,"Constable",2006-07-14,2006,7,14,4.6,3,"Ye",6.36,2.21,2.39,0.29,1.93,"0.48"
131843304,"Constable",2006-08-10,2006,8,10,4.1,2.5,"Ye",7.88,2.17,1.36,0.48,3.93,""
131844150,"Dart",1994-06-28,1994,6,28,16.5,5,"Ye",6.2,3.4,0.5,0.51,3.5,"0.12"
131844150,"Dart",1994-07-25,1994,7,25,15.2,5,"Ye",4.5,1.6,0.5,0.51,0.83,"0.12"
131844150,"Dart",1994-08-24,1994,8,24,16,7,"Ye",4.3,1.9,0.5,0.48,1.09,"0.14"
131844150,"Dart",1995-06-20,1995,6,20,14.5,3,"Ye",2.3,1.8,4.4,0.55,0.34,"0.05"
131844150,"Dart",1995-08-09,1995,8,9,15.3,6,"Ye",NA,1.87,2,0.35,1.57,"0.12"
131844150,"Dart",1995-09-13,1995,9,13,15.7,8,"Ye",2.92,2.73,1.2,0.56,1.72,"0.1"
131844150,"Dart",1996-06-26,1996,6,26,17,5,"Ye",4.51,1.36,2.14,0.58,1.48,"0.13"
131844150,"Dart",1996-07-22,1996,7,22,15.5,6,"Ye",5.14,1.04,0.5,0.41,1.19,"0.15"
131844150,"Dart",1996-08-20,1996,8,20,15.4,5,"Ye",4.15,1.7,0.5,0.46,2.05,"0.05"
131844150,"Dart",1997-07-09,1997,7,9,15.3,4,"Ye",3.8,1.66,1.6,0.45,1.02,"0.11"
131844150,"Dart",1997-08-19,1997,8,19,15,5,"Ye",3.9,1.1,1.5,0.44,1.9,"0.12"
131844150,"Dart",1998-07-13,1998,7,13,15.3,5,"Ye",3.89,1.08,2.25,0.42,2.18,"0.11"
131844150,"Dart",1998-08-17,1998,8,17,15.3,4,"Ye",7.64,2.5,7.06,0.43,2.73,"0.14"
131844150,"Dart",1999-06-30,1999,6,30,15.8,3,"Ye",5,2,1.65,0.44,0.9,"0.17"
131844150,"Dart",1999-08-23,1999,8,23,15.8,5,"Ye",3.23,2.08,0.5,0.4,1.75,"0.11"
131844150,"Dart",2000-07-13,2000,7,13,16.9,5,"Ye",4.19,1.51,1.11,0.37,0,"0.05"
131844150,"Dart",2000-08-23,2000,8,23,16.5,7,"Ye",5.08,4.09,1.03,0.41,3.12,"0.24"
131844150,"Dart",2001-07-18,2001,7,18,16.8,4,"Ye",4.18,2.67,1.13,0.39,1.59,"0.13"
131844150,"Dart",2001-08-08,2001,8,8,16.1,3,"Ye",3.25,0.5,1.51,0.4,1.72,"0.13"
131844150,"Dart",2002-08-13,2002,8,13,16,4,"Ye",1.71,1.74,1.6,0.32,1.16,"0.13"
131844150,"Dart",2002-09-10,2002,9,10,15.5,6,"Ye",2.57,1.3,0.5,0.35,1.01,"0.13"
131844150,"Dart",2003-07-16,2003,7,16,15.7,3,"Ye",4.17,1.43,1.37,0.33,1.3,"0.13"
131844150,"Dart",2003-09-05,2003,9,5,16,6,"Ye",3.19,1.01,1.49,0.37,1.47,"0.13"
131844150,"Dart",2004-07-06,2004,7,6,15.5,1,"Ye",4.23,0.5,1.09,0.34,1.07,"0.13"
131844150,"Dart",2004-08-11,2004,8,11,15.8,6,"Ye",2.61,1.63,1.07,0.34,1.68,"0.13"
131844150,"Dart",2005-07-19,2005,7,19,16.5,4,"Ye",3.52,0.5,1,0.37,2.18,"0.25"
131844150,"Dart",2005-08-16,2005,8,16,15.5,4,"Ye",3.85,3.37,0.5,0.31,NA,"0.21"
131844150,"Dart",2006-07-17,2006,7,17,16,3,"Ye",6.02,3.65,2.21,0.33,3.27,"0.28"
131844150,"Dart",2006-08-15,2006,8,15,15.5,6,"Ye",4.52,2.7,1.95,0.28,2.99,"0.13"
131844150,"Dart",2007-07-13,2007,7,13,15.7,4,"Ye",4.7,1.63,2.52,0.47,1.12,"0.13"
131844150,"Dart",2007-07-31,2007,7,31,16.2,3,"Ye",2.8,4.49,0.8,0.39,1.31,"0.11"
131844150,"Dart",2008-06-30,2008,6,30,17.5,3,"Ye",2.77,3.92,2.36,0.46,1.31,"0.13"
131844150,"Dart",2008-08-06,2008,8,6,16.5,5,"Ye",2.52,1.96,1.38,0.15,2.4,"0.13"
131844150,"Dart",2010-07-07,2010,7,7,15.5,1,"Ye",5.38,3.52,0.97,0.19,2.81,"0.13"
131844150,"Dart",2010-08-12,2010,8,12,16,5,"Ye",3.71,0.5,2.12,0.16,2.9,""
131844150,"Dart",2011-07-14,2011,7,14,14,4,"Ye",5.08,2.97,2.91,0.42,1.78,"0.33"
131844150,"Dart",2011-08-09,2011,8,9,14.5,4,"Ye",3.49,3.16,1.21,0.2,2.54,"0.13"
131844150,"Dart",2012-07-10,2012,7,10,15,4,"Ye",5.059,2.34,1.765,0.425,1.48,"0.176"
131844150,"Dart",2012-08-07,2012,8,7,16,4,"Ye",3.21,2.85,0.381,0.419,1.94,"0.144"
131844150,"Dart",2003-08-13,2003,8,13,NA,NA,"Ye",4.02,1.85,1,0.36,2.24,"0.13"
53540671,"G",1994-06-21,1994,6,21,7.8,2,"Ye",3.2,2.5,4.1,0.38,10.89,"0.17"
53540671,"G",1994-07-26,1994,7,26,9,4,"Ye",7.1,1.6,1.1,0.26,7.38,"0.15"
53540671,"G",1994-08-22,1994,8,22,10.1,6,"Ye",3.9,3.4,1.2,0.35,6.08,"0.29"
53540671,"G",1995-06-12,1995,6,12,8.3,4,"Ye",11.1,8.5,2.8,0.94,12.66,"0.12"
53540671,"G",1995-08-14,1995,8,14,9.5,4,"Ye",7.84,1.49,0.5,NA,3.84,"0.1"
53540671,"G",1995-09-05,1995,9,5,9.6,6,"Ye",2.33,1.5,1.5,0.14,3.1,"0.05"
53540671,"G",1996-06-27,1996,6,27,8.9,3,"Ye",3.64,1.41,1.44,0.25,4.64,"0.05"
53540671,"G",1996-07-17,1996,7,17,8.8,3,"Ye",5.16,1.34,0.5,0.33,2.58,"0.05"
53540671,"G",1996-08-13,1996,8,13,9.4,7,"Ye",3.34,2.39,1.94,0.26,2.32,"0.05"
53540671,"G",1997-07-07,1997,7,7,9,4,"Ye",3.3,1.1,4.3,0.33,2.94,"0.05"
53540671,"G",1997-08-11,1997,8,11,9.4,5,"Ye",7.1,2.1,1.8,0.22,3.4,"0.05"
53540671,"G",1998-07-07,1998,7,7,8.6,3,"Ye",6.86,1.91,1.57,0.23,2.95,"0.05"
53540671,"G",1998-08-13,1998,8,13,9,5,"Ye",6.14,2.15,2.3,0.16,5.17,"0.1"
53540671,"G",1999-07-06,1999,7,6,9.2,3,"Ye",4.75,1.33,2.97,0.34,4.46,"0.15"
53540671,"G",1999-08-16,1999,8,16,8.9,5,"Ye",5.37,1.47,1.27,0.22,5.05,"0.11"
53540671,"G",2000-07-11,2000,7,11,9.1,4,"Ye",5.2,1.27,1.05,0.41,3.8,"0.1"
53540671,"G",2000-08-14,2000,8,14,9.3,5,"Ye",6.18,1.49,2.68,0.22,4.21,"0.23"
53540671,"G",2001-07-09,2001,7,9,9.1,4,"Ye",4.1,1.28,2.79,0.27,1.23,"0.13"
53540671,"G",2001-09-05,2001,9,5,8,6,"Ye",4.34,2.76,1.78,0.26,4.37,"0.3"
53540671,"G",2002-08-28,2002,8,28,8.5,5,"Ye",5.04,1.51,0.5,0.26,2.96,"0.13"
53540671,"G",2002-09-20,2002,9,20,7.5,7,"N",4.24,1.13,1.08,0.23,2.29,"0.13"
53540671,"G",2003-07-08,2003,7,8,9,3,"Ye",2.4,0.5,1.6,0.25,1,"0.13"
53540671,"G",2003-08-05,2003,8,5,9.2,2,"Ye",3.49,0.5,1.37,0.26,0.89,"0.13"
53540671,"G",2004-07-12,2004,7,12,9.5,5,"Ye",1.78,1.34,1.05,0.44,1.31,"0.13"
53540671,"G",2004-08-02,2004,8,2,9.6,6,"Ye",3.97,2.14,1.21,0.23,2.68,"0.13"
53540671,"G",2005-07-11,2005,7,11,9,4,"Ye",4.37,0.5,2.21,0.26,1.3,"0.13"
53540671,"G",2005-08-08,2005,8,8,8.5,4,"Ye",5.47,3.44,1.35,0.17,3.24,"0.13"
53540671,"G",2006-07-11,2006,7,11,9.1,2,"Ye",3.75,1.56,1.71,0.18,2.19,"0.13"
53540671,"G",2006-08-08,2006,8,8,8.7,3,"Ye",7.2,4.47,2.03,0.24,3.12,"0.13"
53540671,"G",2007-07-12,2007,7,12,8.5,4,"Ye",6.03,NA,2.52,0.05,4.64,"0.13"
53540671,"G",2007-08-02,2007,8,2,8.6,5,"Ye",7.15,4.32,1.29,0.39,3.43,"0.22"
53540671,"G",2008-07-02,2008,7,2,9,4,"Ye",3.98,1.17,2.31,0.14,1.68,"0.13"
53540671,"G",2008-08-07,2008,8,7,7,5,"Ye",3.91,1.54,1.56,0.14,2.96,"0.13"
53540671,"G",2010-07-20,2010,7,20,9,3,"Ye",13.65,2.26,0.47,0.18,2.65,"0.13"
53540671,"G",2010-08-17,2010,8,17,9,5,"Ye",4.4,2.88,3.21,0.39,7.29,"0.13"
53540671,"G",2011-07-12,2011,7,12,9.1,2,"Ye",5.64,2.32,2.03,0.15,3.93,"0.17"
53540671,"G",2011-08-08,2011,8,8,9.3,4,"Ye",4.62,3.5,1.1,0.15,1.48,"0.14"
53540671,"G",2012-07-09,2012,7,9,9,4,"Ye",3.51,1.65,2.589,0.394,1.66,"0.044"
53540671,"G",2012-08-06,2012,8,6,8.5,5,"Ye",4.05,2.74,0.381,0.285,13.18,"0.072"
131845587,"Grass",1994-06-20,1994,6,20,6,4,"N",6.5,2,3.8,0.38,1.07,"0.14"
131845587,"Grass",1994-07-25,1994,7,25,5.2,3,"Ye",4.6,1.8,5.1,0.6,1.54,"0.13"
131845587,"Grass",1994-08-23,1994,8,23,4.9,2,"Ye",7.1,2.5,1.5,0.32,0.74,"0.11"
131845587,"Grass",1995-06-13,1995,6,13,5.5,3,"Ye",9.9,5.1,2.2,0.79,0.79,"0.11"
131845587,"Grass",1995-08-15,1995,8,15,NA,3,"Ye",NA,0.5,2.1,0.38,1.28,"0.05"
131845587,"Grass",1995-09-07,1995,9,7,5,4,"N",0.5,1.83,1.63,0.42,2.62,"0.1"
131845587,"Grass",1996-06-18,1996,6,18,5.3,1,"Ye",4.71,1.78,2.23,0.44,0.5,"0.05"
131845587,"Grass",1996-07-19,1996,7,19,6.5,1,"Ye",5.85,1.42,4.06,0.78,0.42,"0.05"
131845587,"Grass",1996-08-14,1996,8,14,5.5,2,"Ye",6.7,1.77,3.86,0.33,0.8,"0.05"
131845587,"Grass",1997-07-08,1997,7,8,5.7,3,"Ye",8.2,1.72,2.6,0.4,0.81,"0.05"
131845587,"Grass",1997-08-12,1997,8,12,5.7,3,"Ye",7,0.5,2.3,0.3,0.7,"0.05"
131845587,"Grass",1998-07-09,1998,7,9,5.3,2,"Ye",6.19,2.94,2.93,0.29,0.77,"0.05"
131845587,"Grass",1998-08-12,1998,8,12,5.4,3,"Ye",8.16,1.57,3.51,0.32,1.16,"0.13"
131845587,"Grass",1999-07-08,1999,7,8,5.2,3,"Ye",6.96,1.18,2.97,0.22,0.77,"0.1"
131845587,"Grass",1999-08-18,1999,8,18,5.5,4,"N",5.72,NA,3.23,0.32,1.29,"0.05"
131845587,"Grass",2000-07-20,2000,7,20,5.7,3,"Ye",5.54,3.6,3.47,0.23,0.97,"0.05"
131845587,"Grass",2000-08-16,2000,8,16,5.4,3,"Ye",6.01,5,3.78,0.34,0.43,"0.18"
131845587,"Grass",2001-07-11,2001,7,11,5,1,"Ye",5.62,0.74,2.79,0.29,0.47,"0.13"
131845587,"Grass",2001-09-07,2001,9,7,5.5,5,"N",5.99,2.1,4.05,0.32,NA,"0.13"
131845587,"Grass",2002-09-13,2002,9,13,5,4,"N",5.47,1.33,1.93,0.38,1.65,"0.13"
131845587,"Grass",2002-09-18,2002,9,18,4.8,4,"N",7.2,1.67,2.08,0.47,1.9,"0.13"
131845587,"Grass",2003-07-09,2003,7,9,5.5,2,"Ye",5.77,1.8,2.24,0.32,1.34,"0.13"
131845587,"Grass",2003-08-06,2003,8,6,5.2,1,"Ye",6.45,0.5,1.97,0.37,1.06,"0.13"
131845587,"Grass",2004-07-13,2004,7,13,5.5,3,"Ye",11.69,1.58,1.94,0.37,1.45,"0.13"
131845587,"Grass",2004-08-03,2004,8,3,5.7,5,"N",5.72,0.5,3.45,0.32,2.03,"0.13"
131845587,"Grass",2005-07-12,2005,7,12,6.8,3,"Ye",7.83,1.5,1.86,0.29,1.24,"0.13"
131845587,"Grass",2005-08-09,2005,8,9,5.5,1,"Ye",7.1,2.06,3.75,0.41,0.92,"0.13"
131845587,"Grass",2006-07-13,2006,7,13,5.7,2,"Ye",5.27,2.21,2.81,0.33,1.04,"0.13"
131845587,"Grass",2006-08-09,2006,8,9,5.2,2,"Ye",3.61,1.1,2.59,0.25,0.73,"0.13"
131845836,"Indian",1994-06-28,1994,6,28,8.5,4,"Ye",5.9,1.4,0.5,0.31,3.04,"0.13"
131845836,"Indian",1994-08-02,1994,8,2,9.5,4,"Ye",4.8,1.9,4.5,0.25,2.93,"0.22"
131845836,"Indian",1994-08-31,1994,8,31,8.7,5,"Ye",NA,4,6.3,0.14,1.85,"0.23"
131845836,"Indian",1995-06-20,1995,6,20,9.9,3,"Ye",3.2,2.3,1.5,0.48,NA,"0.05"
131845836,"Indian",1995-08-08,1995,8,8,9.7,4,"Ye",7.9,3.86,3.8,0.4,2.25,"0.25"
131845836,"Indian",1995-09-14,1995,9,14,9.2,6,"Ye",3.66,1.9,2.43,0.37,3.57,"0.43"
131845836,"Indian",1996-06-26,1996,6,26,8.9,3,"Ye",4.67,1.96,2.32,0.35,2.01,"0.18"
131845836,"Indian",1996-07-23,1996,7,23,10,2,"Ye",4.07,1.05,2.84,0.3,0.82,"0.28"
131845836,"Indian",1996-08-20,1996,8,20,10,2,"Ye",8.11,1.87,1.22,0.43,1.56,"0.38"
131845836,"Indian",1997-07-14,1997,7,14,NA,1,"Ye",7.9,2.3,1.1,0.28,1.72,"0.2"
131845836,"Indian",1997-08-18,1997,8,18,9.8,3,"Ye",9.4,1.6,2.6,0.36,1.2,"0.24"
131845836,"Indian",1998-07-14,1998,7,14,8.8,2,"Ye",8.78,1.53,2.26,0.33,1.7,"0.51"
131845836,"Indian",1998-08-10,1998,8,10,9.8,2,"Ye",8.9,2.42,3.56,0.46,2.74,"0.48"
131845836,"Indian",1999-06-29,1999,6,29,9.8,3,"Ye",11.24,1.63,1.99,0.27,1.8,"0.24"
131845836,"Indian",1999-08-16,1999,8,16,10,2,"Ye",5.64,1.69,6,0.34,1.64,"0.6"
131845836,"Indian",2000-07-11,2000,7,11,10.1,4,"Ye",6.92,2.2,2.26,0.5,NA,"0.44"
131845836,"Indian",2000-08-14,2000,8,14,10,3,"Ye",6.05,0.5,1.82,0.33,2.52,"0.72"
131845836,"Indian",2001-07-09,2001,7,9,9.9,2,"Ye",8.34,1.38,2.74,0.38,1.6,"0.33"
131845836,"Indian",2001-09-05,2001,9,5,9.8,4,"Ye",3.66,2.47,3.16,0.36,1.77,"0.43"
131845836,"Indian",2002-08-22,2002,8,22,9.3,4,"Ye",8.62,2.33,1.93,0.36,1.26,"0.51"
131845836,"Indian",2002-09-19,2002,9,19,9.8,4,"Ye",4.24,2.2,1.91,0.33,1.72,"0.44"
131845836,"Indian",2003-07-09,2003,7,9,10,4,"Ye",3.2,0.5,1.2,0.13,1.69,"0.32"
131845836,"Indian",2003-08-06,2003,8,6,9.8,3,"Ye",6.92,0.5,0.5,0.24,1.81,"0.44"
131845836,"Indian",2004-07-13,2004,7,13,9.2,2,"Ye",3.06,1.58,1.33,0.35,2.02,"0.29"
131845836,"Indian",2004-08-03,2004,8,3,9,3,"Ye",7.56,1.08,2.59,0.39,2.37,"0.56"
131845836,"Indian",2005-07-11,2005,7,11,10,1,"Ye",9.89,0.5,1.63,0.3,1.86,"0.66"
131845836,"Indian",2005-08-08,2005,8,8,9.9,2,"Ye",6.34,NA,8.7,0.45,2.68,"1.09"
131845836,"Indian",2006-07-11,2006,7,11,9.8,2,"Ye",6.34,2.72,1.96,0.34,1.87,"0.41"
131845836,"Indian",2006-08-08,2006,8,8,9.8,2,"Ye",14.85,NA,1.65,0.54,3.24,"0.76"
131845836,"Indian",2007-07-17,2007,7,17,10,3,"Ye",4.79,2.89,0.67,0.38,2.93,"0.39"
131845836,"Indian",2007-08-01,2007,8,1,10.4,2,"Ye",8.81,2.53,0.5,0.33,2.09,"0.5"
131845836,"Indian",2008-07-02,2008,7,2,10.5,2,"Ye",10.19,4.53,1.61,0.49,0.72,""
131845836,"Indian",2008-08-07,2008,8,7,10.7,2,"Ye",4.96,1.65,4.76,0.26,1.81,"0.13"
131845836,"Indian",2010-07-15,2010,7,15,10,1,"Ye",5.77,6.95,2.33,0.37,2.81,"0.13"
131845836,"Indian",2010-08-10,2010,8,10,10.5,3,"Ye",6.72,2.03,2.12,0.35,0.06,"0.13"
131845836,"Indian",2011-07-19,2011,7,19,10.5,2,"Ye",5.64,1.82,1.98,0.25,2.39,"0.46"
131845836,"Indian",2011-08-17,2011,8,17,10.4,4,"Ye",2.97,1.95,0.5,0.32,1.84,"0.48"
131845836,"Indian",2012-07-19,2012,7,19,10.2,2,"Ye",7.792,2.23,0.857,0.32,4.05,"0.542"
131845836,"Indian",2012-08-14,2012,8,14,10.5,3,"Ye",7.557,1.91,0.381,0.404,1.09,"0.594"
47724773,"Jockeybush",1994-06-21,1994,6,21,9.9,2,"Ye",4.6,1.3,2.5,0.37,0.74,"0.15"
47724773,"Jockeybush",1994-07-26,1994,7,26,9.5,5,"Ye",3.5,1.2,0.5,0.36,0.98,"0.05"
47724773,"Jockeybush",1994-08-22,1994,8,22,11,7,"Ye",4,0.5,4.6,0.34,1.65,"0.05"
47724773,"Jockeybush",1995-06-12,1995,6,12,10,4,"Ye",6.6,NA,1.1,0.75,2.22,"0.05"
47724773,"Jockeybush",1995-08-14,1995,8,14,10,7,"Ye",1.78,0.5,0.5,0.5,0.75,"0.05"
47724773,"Jockeybush",1995-09-05,1995,9,5,9.9,9,"N",4.11,1.05,2.3,0.26,0.6,"0.05"
47724773,"Jockeybush",1996-06-27,1996,6,27,10.4,4,"Ye",2.22,0.5,1.48,0.42,0.6,"0.05"
47724773,"Jockeybush",1996-07-17,1996,7,17,10.1,4,"Ye",1.83,0.5,2.3,0.36,0.48,"0.05"
47724773,"Jockeybush",1996-08-13,1996,8,13,10.9,5,"Ye",2.79,0.5,1.59,0.32,0.59,"0.05"
47724773,"Jockeybush",1997-07-07,1997,7,7,10.3,5,"Ye",2.2,0.5,0.5,0.4,0.65,"0.05"
47724773,"Jockeybush",1997-08-11,1997,8,11,10.2,7,"Ye",3.1,0.5,1.9,0.32,0.2,"0.05"
47724773,"Jockeybush",1998-07-07,1998,7,7,10.5,0.4,"Ye",5.34,0.5,2.25,0.32,0.99,"0.05"
47724773,"Jockeybush",1998-08-13,1998,8,13,10.1,6,"Ye",5.64,0.5,0.5,0.25,0.53,"0.05"
47724773,"Jockeybush",1999-07-06,1999,7,6,10.6,5,"Ye",5.09,0.5,2.12,0.16,1,"0.09"
47724773,"Jockeybush",1999-08-16,1999,8,16,10.1,7,"Ye",3.25,0.5,1.5,0.26,0.54,"0.05"
47724773,"Jockeybush",2000-07-11,2000,7,11,10,5,"Ye",2.62,1.61,1.71,0.3,0.48,"0.05"
47724773,"Jockeybush",2000-08-14,2000,8,14,9.5,6,"Ye",7.21,0.5,2.77,0.3,0.59,"0.15"
47724773,"Jockeybush",2001-07-09,2001,7,9,11.3,0.5,"Ye",5.79,0.81,0.5,0.37,0.53,"0.13"
47724773,"Jockeybush",2001-09-05,2001,9,5,9.5,8,"Ye",1.78,2.02,1.43,0.21,0.57,"0.11"
47724773,"Jockeybush",2002-09-12,2002,9,12,8.5,7,"N",4.28,0.5,1.33,0.23,0.57,"0.13"
47724773,"Jockeybush",2002-09-20,2002,9,20,10.1,9,"N",6.33,0.5,1.08,0.21,0.72,"0.13"
47724773,"Jockeybush",2003-07-08,2003,7,8,10,4,"Ye",3.4,0.5,1.4,0.15,0.61,"0.13"
47724773,"Jockeybush",2003-08-05,2003,8,5,10.5,5,"Ye",3.32,0.5,0.5,0.21,1.02,"0.13"
47724773,"Jockeybush",2004-07-12,2004,7,12,32,5,"Ye",2.7,0.5,1.05,0.37,0.47,"0.13"
47724773,"Jockeybush",2004-08-02,2004,8,2,10.4,7,"Ye",0.94,0.5,0.5,0.31,0.85,"0.13"
47724773,"Jockeybush",2005-07-11,2005,7,11,9,4,"Ye",4.21,0.5,1.37,0.3,0.59,"0.13"
47724773,"Jockeybush",2005-08-08,2005,8,8,11.3,5,"Ye",5.45,1.77,NA,0.21,0.7,"0.13"
47724773,"Jockeybush",2006-07-11,2006,7,11,10.5,3,"Ye",3.07,1.13,1.88,0.26,0.43,"0.13"
47724773,"Jockeybush",2006-08-08,2006,8,8,11,3,"Ye",4.52,2.71,1.27,0.26,0.84,"0.13"
47724773,"Jockeybush",2007-07-12,2007,7,12,9.3,7,"Ye",3.7,3.88,1.1,0.13,0.72,"0.13"
47724773,"Jockeybush",2007-08-02,2007,8,2,9.5,6,"Ye",1.58,3.33,2.26,0.43,0.62,"0.19"
47724773,"Jockeybush",2008-07-02,2008,7,2,9.5,5,"Ye",2.63,1.01,1.96,0.17,0.72,"0.13"
47724773,"Jockeybush",2008-08-07,2008,8,7,10,7,"Ye",2.67,1.17,1.2,0.12,0.59,"0.13"
47724773,"Jockeybush",2010-07-20,2010,7,20,10.8,4,"Ye",3.07,2.58,0.64,0.14,1.71,"0.13"
47724773,"Jockeybush",2010-08-17,2010,8,17,9,6,"Ye",2.6,1.99,0.84,0.08,0.9,"0.13"
47724773,"Jockeybush",2011-07-12,2011,7,12,9.5,3,"Ye",4.79,2.49,3.05,0.3,0.45,"0.21"
47724773,"Jockeybush",2011-08-08,2011,8,8,11,4,"Ye",2.62,2.76,1.46,0.18,0.76,"0.09"
47724773,"Jockeybush",2012-07-09,2012,7,9,10.5,4,"Ye",7.256,2.04,0.941,0.421,1.06,"0.043"
47724773,"Jockeybush",2012-08-06,2012,8,6,10,5,"Ye",4.05,1.98,0.381,0.344,1,"0.038"
131844984,"Limekiln",1994-06-29,1994,6,29,19.5,7,"Ye",4.1,1.1,0.5,0.36,3.16,"0.05"
131844984,"Limekiln",1994-07-25,1994,7,25,18.5,8,"Ye",3.2,1.2,2,0.49,0.44,"0.05"
131844984,"Limekiln",1994-08-30,1994,8,30,20.5,10,"Ye",0.5,1.4,0.5,0.44,0.9,"0.05"
131844984,"Limekiln",1995-06-20,1995,6,20,18,9,"Ye",6.8,NA,6.3,NA,0.33,"0.05"
131844984,"Limekiln",1995-08-07,1995,8,7,19.3,11,"Ye",9.2,0.99,1.4,0.4,0.52,"0.05"
131844984,"Limekiln",1995-09-12,1995,9,12,19.1,12,"Ye",2.1,NA,1.03,0.37,0.93,"0.05"
131844984,"Limekiln",1996-06-25,1996,6,25,20.5,5,"Ye",2.45,0.5,0.5,0.47,0.83,"0.05"
131844984,"Limekiln",1996-07-23,1996,7,23,21.6,6,"Ye",3.02,0.5,0.5,0.37,0.27,"0.05"
131844984,"Limekiln",1996-08-20,1996,8,20,20.8,7,"Ye",3.56,0.5,3.15,0.37,0.98,"0.05"
131844984,"Limekiln",1997-07-15,1997,7,15,19.8,6,"Ye",2.9,0.93,1.8,0.33,0.45,"0.05"
131844984,"Limekiln",1997-08-19,1997,8,19,20.5,8,"Ye",2,1,1.7,0.38,0.7,"0.05"
131844984,"Limekiln",1998-07-14,1998,7,14,21.2,6,"Ye",3.38,1.5,1.44,0.45,0.62,"0.05"
131844984,"Limekiln",1998-08-10,1998,8,10,21.7,8,"Ye",3.8,1,1.95,0.32,1.14,"0.05"
131844984,"Limekiln",1999-06-30,1999,6,30,19.1,7,"Ye",2.27,1.44,0.5,0.46,0.45,"0.09"
131844984,"Limekiln",1999-08-24,1999,8,24,19.2,9,"Ye",2.42,0.5,0.5,0.24,1.06,"0.05"
131844984,"Limekiln",2000-07-13,2000,7,13,18.9,9,"Ye",4.34,1.04,1.74,0.6,0,"0.05"
131844984,"Limekiln",2000-08-23,2000,8,23,19,9,"Ye",9.04,0.5,0.5,0.34,1.28,"0.05"
131844984,"Limekiln",2001-07-18,2001,7,18,22,8,"Ye",3.67,2.07,1.3,0.5,1.07,"0.13"
131844984,"Limekiln",2001-08-08,2001,8,8,19.5,8,"Ye",2.93,0.5,1.37,0.34,2.38,"0.13"
131844984,"Limekiln",2002-08-14,2002,8,14,19.5,7,"Ye",2.34,0.5,2.46,0.16,0.73,"0.13"
131844984,"Limekiln",2002-09-17,2002,9,17,20,10,"Ye",2.67,1.67,1.67,0.27,2.81,"0.13"
131844984,"Limekiln",2003-07-16,2003,7,16,21.5,7,"Ye",3.23,0.8,1.2,0.45,1.01,"0.13"
131844984,"Limekiln",2003-08-13,2003,8,13,20,8,"Ye",2.69,1.37,0.5,0.35,2.9,"0.13"
131844984,"Limekiln",2004-07-07,2004,7,7,19,8,"Ye",2.47,0.5,1.5,0.31,1.33,"0.13"
131844984,"Limekiln",2004-08-10,2004,8,10,18.5,8,"Ye",2.28,1.8,1.07,0.3,1.41,"0.13"
131844984,"Limekiln",2005-07-20,2005,7,20,21.3,4,"Ye",2.81,0.5,0.5,0.28,NA,"0.13"
131844984,"Limekiln",2005-08-17,2005,8,17,20.1,7,"Ye",4.25,1.2,0.5,0.16,1.8,"0.13"
131844984,"Limekiln",2006-07-12,2006,7,12,21.5,6,"Ye",2.28,1.56,1.54,0.27,3.74,"0.13"
131844984,"Limekiln",2006-08-16,2006,8,16,20.4,7,"Ye",3.18,1.73,1.27,0.22,1.8,"0.13"
131844984,"Limekiln",2007-07-31,2007,7,31,21,7,"Ye",2.74,3.16,0.5,0.34,1.28,"0.07"
131844984,"Limekiln",2007-07-12,2007,7,12,21.2,7,"Ye",3.55,4.18,1.55,0.36,1.28,"0.13"
131844984,"Limekiln",2008-07-01,2008,7,1,21.5,6,"Ye",2.27,3.38,0.5,0.15,0.34,"0.13"
131844984,"Limekiln",2008-08-04,2008,8,4,21.5,7,"Ye",2.96,0.5,0.5,0.17,2.87,"0.13"
131844984,"Limekiln",2010-07-08,2010,7,8,20.9,1,"Ye",3.87,2.79,0.64,0.17,0.84,"0.13"
131844984,"Limekiln",2010-08-12,2010,8,12,21.4,9,"Ye",2.6,0.5,1.33,0.14,3.99,"0.13"
131844984,"Limekiln",2011-07-12,2011,7,12,21.5,5,"Ye",4.79,1.74,2.81,0.24,2.33,"0.15"
131844984,"Limekiln",2011-08-09,2011,8,9,19,6,"Ye",3.42,2.53,1.64,0.17,1.42,"0.04"
131844984,"Limekiln",2012-07-09,2012,7,9,20,5,"Ye",3.041,1.58,0.381,0.315,1.36,"0.034"
131844984,"Limekiln",2012-08-07,2012,8,7,18.5,6,"Ye",1.529,2.01,0.381,0.441,1.99,"0.03"
89363813,"Long",1994-06-29,1994,6,29,3,1.5,"Ye",11.3,3.4,5.7,0.41,3.91,"0.34"
89363813,"Long",1994-08-02,1994,8,2,3,1,"Ye",9.2,2.1,16,0.35,2.39,"0.28"
89363813,"Long",1994-08-29,1994,8,29,3.3,1.5,"Ye",9,2,3.8,0.43,5.43,"0.21"
89363813,"Long",1995-06-14,1995,6,14,3,1.5,"Ye",18,NA,6.6,0.88,4.1,"0.48"
89363813,"Long",1995-08-16,1995,8,16,3,1.5,"Ye",13.2,0.5,4.9,0.65,2.42,"0.23"
89363813,"Long",1995-09-06,1995,9,6,2.7,1.5,"Ye",6.8,4.32,3.68,1.03,2.43,"0.22"
89363813,"Long",1996-06-19,1996,6,19,3,1,"Ye",11.81,2.22,5.6,0.43,6.01,"0.28"
89363813,"Long",1996-07-17,1996,7,17,2.9,1,"Ye",9,1.51,4.06,0.4,4.49,"0.26"
89363813,"Long",1996-08-14,1996,8,14,2.9,1,"Ye",7.23,2.71,4.04,0.4,3.19,"0.2"
89363813,"Long",1997-07-08,1997,7,8,2.9,1,"Ye",15.2,2.95,6.5,0.46,2.62,"0.33"
89363813,"Long",1997-08-14,1997,8,14,3,1,"Ye",7.7,1.7,3.7,0.5,2.4,"0.22"
89363813,"Long",1998-07-08,1998,7,8,2.8,1,"Ye",9.06,3.77,2.42,0.53,4.14,"0.1"
89363813,"Long",1998-08-12,1998,8,12,2.8,1,"Ye",9.34,1.72,3.68,0.39,NA,"0.19"
89363813,"Long",1999-07-07,1999,7,7,2.7,1,"Ye",9.85,0.5,4.86,0.31,2.49,"0.3"
89363813,"Long",1999-08-17,1999,8,17,3,1,"Ye",6.43,0.5,2.71,0.35,2.52,"0.11"
89363813,"Long",2000-07-12,2000,7,12,2.8,0,"Ye",11.04,1,4.11,0.38,4.68,"0.31"
89363813,"Long",2000-08-15,2000,8,15,2.5,0,"Ye",6.87,1.62,4.29,0.45,4.04,"0.44"
89363813,"Long",2001-07-10,2001,7,10,2.7,0.5,"Ye",8.51,1.69,4.38,0.44,3.77,"0.3"
89363813,"Long",2001-09-07,2001,9,7,2.5,1,"Ye",6.8,2.3,4.58,0.39,4.82,"0.13"
89363813,"Long",2002-08-28,2002,8,28,2.4,1,"Ye",7.48,0.5,3.96,0.34,1.31,"0.13"
89363813,"Long",2002-09-20,2002,9,20,2.5,1,"Ye",9.47,1.98,2.91,0.39,2.54,"0.13"
89363813,"Long",2003-07-10,2003,7,10,2.5,1,"Ye",12.23,2.11,5.58,0.53,3.16,"0.34"
89363813,"Long",2003-08-07,2003,8,7,2.5,1,"Ye",11.21,1.03,4.09,0.41,7.11,"0.13"
89363813,"Long",2004-07-21,2004,7,21,2.8,1,"Ye",5.7,1.92,2.19,0.36,2.99,"0.13"
89363813,"Long",2004-08-04,2004,8,4,2.8,1,"Ye",5.4,4.32,3.79,0.33,1.75,"0.13"
89363813,"Long",2005-07-13,2005,7,13,3.1,0.5,"Ye",9.91,2.11,3.69,0.43,4.08,"0.34"
89363813,"Long",2005-08-11,2005,8,11,3,1,"Ye",8.47,3.49,4.25,0.41,2.87,"0.27"
89363813,"Long",2006-07-24,2006,7,24,3.2,1,"Ye",8.27,2.54,3.55,0.43,2.31,"0.48"
89363813,"Long",2006-08-11,2006,8,11,2.9,1,"Ye",7.77,2.32,3.3,0.43,3.99,"0.39"
133099412,"Loon Hollow",1994-06-20,1994,6,20,9,7,"Ye",1.6,2,2.4,0.58,3.58,"0.16"
133099412,"Loon Hollow",1994-07-27,1994,7,27,10.2,4,"Ye",3.2,1.5,0.5,0.43,2.11,"0.05"
133099412,"Loon Hollow",1994-08-24,1994,8,24,9.5,4,"Ye",2.9,2.7,0.5,0.39,1.89,"0.05"
133099412,"Loon Hollow",1995-06-14,1995,6,14,11.1,3,"Ye",0.5,NA,0.5,0.73,1.37,"0.13"
133099412,"Loon Hollow",1995-08-16,1995,8,16,10,4,"Ye",1.5,1.83,0.5,2.18,2.1,"0.17"
133099412,"Loon Hollow",1995-09-07,1995,9,7,11.6,5,"Ye",3.7,1.98,2.1,1.12,1.68,"0.16"
133099412,"Loon Hollow",1996-06-19,1996,6,19,11,1,"Ye",6.66,1.75,8.42,0.46,2.99,"0.28"
133099412,"Loon Hollow",1996-07-16,1996,7,16,10.5,2,"Ye",4.46,1.79,2.33,0.73,1.42,"0.3"
133099412,"Loon Hollow",1996-08-14,1996,8,14,11.1,2,"Ye",3.74,2.14,1.18,0.41,1.37,"0.35"
133099412,"Loon Hollow",1997-07-08,1997,7,8,10.9,3,"Ye",4,2.03,2.4,0.49,2,"0.29"
133099412,"Loon Hollow",1997-08-14,1997,8,14,11.2,3,"Ye",3,0.5,1.2,0.53,1.6,"0.28"
133099412,"Loon Hollow",1998-07-08,1998,7,8,10.4,2,"Ye",3.65,0.5,1.06,0.49,3.49,"0.13"
133099412,"Loon Hollow",1998-08-12,1998,8,12,10.5,3,"Ye",3.61,1.01,1,0.35,1.43,"0.28"
133099412,"Loon Hollow",1999-07-07,1999,7,7,10.2,3,"Ye",7.64,0.5,1.38,0.6,0.91,"0.35"
133099412,"Loon Hollow",1999-08-17,1999,8,17,9.8,5,"Ye",1.53,0.5,2.88,0.14,0.94,"0.13"
133099412,"Loon Hollow",2000-07-12,2000,7,12,10.8,3,"Ye",3.71,0.83,0.5,0.34,1.49,"0.36"
133099412,"Loon Hollow",2000-08-15,2000,8,15,10.6,3,"Ye",2.23,1.14,1.21,0.36,0.73,"0.35"
133099412,"Loon Hollow",2001-07-10,2001,7,10,9.8,2,"Ye",2.91,1.07,0.5,0.4,0.78,"0.13"
133099412,"Loon Hollow",2001-09-06,2001,9,6,10.5,5,"Ye",1.58,1.3,1.97,0.31,0.87,"0.13"
133099412,"Loon Hollow",2002-09-13,2002,9,13,10.5,5,"Ye",1.89,1.18,0.5,0.32,1.57,"0.13"
133099412,"Loon Hollow",2002-09-18,2002,9,18,10.5,6,"Ye",1.8,0.5,0.5,0.35,0.08,"0.13"
133099412,"Loon Hollow",2003-07-09,2003,7,9,10,2,"Ye",2.4,0.5,2.24,0.34,1.01,"0.13"
133099412,"Loon Hollow",2003-08-06,2003,8,6,10.5,2,"Ye",3.13,0.5,0.5,0.4,1.1,"0.13"
133099412,"Loon Hollow",2004-07-21,2004,7,21,9.8,2,"Ye",2.62,0.5,0.5,0.33,0.7,"0.13"
133099412,"Loon Hollow",2004-08-03,2004,8,3,10.5,3,"Ye",0.5,0.5,0.5,0.34,1.25,"0.13"
133099412,"Loon Hollow",2005-07-12,2005,7,12,11.3,3,"Ye",2.81,1.04,1.2,0.32,0.68,"0.13"
133099412,"Loon Hollow",2005-08-09,2005,8,9,10.2,4,"Ye",3.38,1.21,0.5,0.2,1.33,"0.13"
133099412,"Loon Hollow",2006-07-13,2006,7,13,11,2,"Ye",2.73,1.59,1.54,0.26,1.09,"0.3"
133099412,"Loon Hollow",2006-08-10,2006,8,10,10.4,3,"Ye",2.35,1.25,1.71,0.22,1.92,"0.13"
131845583,"Middle Branch",1994-06-20,1994,6,20,4.5,4,"N",5.3,3.9,3.1,0.39,5.21,"0.19"
131845583,"Middle Branch",1994-07-25,1994,7,25,5,3,"N",6.8,1.9,3.6,0.34,3.04,"0.1"
131845583,"Middle Branch",1994-08-23,1994,8,23,4.1,3,"N",5.7,3.8,4.3,0.25,NA,"0.1"
131845583,"Middle Branch",1995-06-14,1995,6,14,4.4,3,"Ye",5.2,NA,4.5,0.27,2.65,"0.05"
131845583,"Middle Branch",1995-08-15,1995,8,15,4.2,4,"N",8.7,2.77,2.1,0.86,6.21,"0.05"
131845583,"Middle Branch",1995-09-07,1995,9,7,4.3,4,"N",4.81,2.74,1.8,0.19,5.85,"0.05"
131845583,"Middle Branch",1996-06-18,1996,6,18,4.8,1,"Ye",6.66,3.29,1.82,0.36,3.16,"0.05"
131845583,"Middle Branch",1996-07-16,1996,7,16,5.2,2,"Ye",6.56,3.97,1.81,0.31,9.79,"0.11"
131845583,"Middle Branch",1996-08-14,1996,8,14,4.6,3,"Ye",7.58,3.27,2.08,0.3,1.7,"0.05"
131845583,"Middle Branch",1997-07-08,1997,7,8,4.8,3,"Ye",8.6,5.57,2.9,0.38,13.64,"0.05"
131845583,"Middle Branch",1997-08-12,1997,8,12,4.3,3,"Ye",8.4,1.3,1.8,0.32,3.4,"0.11"
131845583,"Middle Branch",1998-07-09,1998,7,9,4.4,3,"Ye",9.03,2.94,2.88,0.41,3.45,"0.49"
131845583,"Middle Branch",1998-08-12,1998,8,12,4.3,3,"Ye",6.97,2.8,3.2,0.32,5.48,"0.05"
131845583,"Middle Branch",1999-07-08,1999,7,8,4.4,3,"Ye",4.05,3.34,4.34,0.32,4.24,"0.13"
131845583,"Middle Branch",1999-08-18,1999,8,18,4.5,4,"N",8.97,2.09,3.69,0.27,3.74,"0.32"
131845583,"Middle Branch",2000-07-20,2000,7,20,4.6,3,"Ye",9.32,2.91,1.91,0.32,16.74,"0.05"
131845583,"Middle Branch",2000-08-16,2000,8,16,4.5,3,"Ye",7.99,3.97,1.14,0.24,2.87,"0.18"
131845583,"Middle Branch",2001-07-11,2001,7,11,4.5,3,"Ye",10.2,2.39,2.23,0.3,2.56,"0.13"
131845583,"Middle Branch",2001-09-07,2001,9,7,4.4,4,"N",6.74,2.4,2.48,0.24,NA,"0.15"
131845583,"Middle Branch",2002-09-13,2002,9,13,4.5,4,"N",6.67,2.12,1.93,0.27,3.71,"0.13"
131845583,"Middle Branch",2002-09-18,2002,9,18,4.5,4,"N",6.68,2.48,1.91,0.29,7.39,"0.13"
131845583,"Middle Branch",2003-07-09,2003,7,9,4.4,3,"N",5.9,1.65,2.45,0.24,2.18,"0.13"
131845583,"Middle Branch",2003-08-06,2003,8,6,4.7,3,"Ye",5.72,1.2,1.85,0.25,4.86,"0.13"
131845583,"Middle Branch",2004-07-13,2004,7,13,4.5,3,"Ye",15.24,2.38,1.56,0.29,3.49,"0.13"
131845583,"Middle Branch",2004-08-03,2004,8,3,4.5,4,"N",5.5,0.5,1.77,0.26,4.4,"0.13"
131845583,"Middle Branch",2005-07-12,2005,7,12,4.5,3,"Ye",7.65,3.19,2.71,0.12,2.84,"0.13"
131845583,"Middle Branch",2005-08-09,2005,8,9,4.4,3,"Ye",5.04,3.01,2.15,0.18,3.52,"0.13"
131845583,"Middle Branch",2006-07-13,2006,7,13,4.8,3,"Ye",7.77,3.28,2.56,0.2,6.23,"0.13"
131845583,"Middle Branch",2006-08-09,2006,8,9,4.2,3,"Ye",6.77,2.01,1.89,0.23,2.87,"0.13"
131845717,"Middle Settlement",1994-06-20,1994,6,20,10,9,"Ye",5.2,1.5,2.1,0.31,2.13,"0.29"
131845717,"Middle Settlement",1994-07-25,1994,7,25,9.2,3,"Ye",5.5,1.4,0.5,0.22,NA,"0.1"
131845717,"Middle Settlement",1994-08-23,1994,8,23,10.5,5,"Ye",3.7,2.8,0.5,0.27,3.04,"0.1"
131845717,"Middle Settlement",1995-06-14,1995,6,14,9.6,4,"Ye",0.5,NA,0.5,1.63,0.84,"0.05"
131845717,"Middle Settlement",1995-08-15,1995,8,15,10,5,"Ye",4.82,1.13,1.2,0.38,0.34,"0.05"
131845717,"Middle Settlement",1995-09-07,1995,9,7,9.5,6,"Ye",2.79,0.5,1.28,0.2,0.98,"0.11"
131845717,"Middle Settlement",1996-06-18,1996,6,18,10.1,2,"Ye",2.22,1.02,3.92,0.24,0.56,"0.05"
131845717,"Middle Settlement",1996-07-16,1996,7,16,10.4,3,"Ye",4.08,0.5,1.98,0.23,0.56,"0.1"
131845717,"Middle Settlement",1996-08-14,1996,8,14,10.2,4,"Ye",3.18,0.5,2.43,0.23,0.53,"0.05"
131845717,"Middle Settlement",1997-07-08,1997,7,8,9.5,3,"Ye",4.7,1.12,1.4,0.23,0.72,"0.21"
131845717,"Middle Settlement",1997-08-12,1997,8,12,9.9,4,"Ye",4.7,0.5,1.6,0.22,0.7,"0.17"
131845717,"Middle Settlement",1998-07-09,1998,7,9,10,3,"Ye",5.51,1.44,2.25,0.29,1.03,"0.18"
131845717,"Middle Settlement",1998-08-12,1998,8,12,10,3,"Ye",8.16,1.85,2.92,0.47,3.26,"0.22"
131845717,"Middle Settlement",1999-07-08,1999,7,8,9.8,3,"Ye",2.72,0.5,1.38,0.1,0.64,"0.37"
131845717,"Middle Settlement",1999-08-18,1999,8,18,9.6,5,"Ye",5.19,0.5,1.85,0.02,0.91,"0.05"
131845717,"Middle Settlement",2000-07-20,2000,7,20,10.4,4,"Ye",2.96,0.5,1.39,0.05,0.72,"0.18"
131845717,"Middle Settlement",2000-08-16,2000,8,16,9.4,5,"Ye",3.44,1.02,2.09,0.16,0.53,"0.1"
131845717,"Middle Settlement",2001-07-11,2001,7,11,9.8,3,"Ye",4.94,0.89,0.5,0.23,0.93,"0.13"
131845717,"Middle Settlement",2001-09-07,2001,9,7,10.2,5,"Ye",6.06,1.3,1.31,0.24,NA,"0.13"
131845717,"Middle Settlement",2002-09-13,2002,9,13,9,6,"Ye",3.25,0.5,1.24,0.23,0.76,"0.13"
131845717,"Middle Settlement",2002-09-18,2002,9,18,9.1,6,"Ye",4.07,0.87,1.24,0.3,1.17,"0.18"
131845717,"Middle Settlement",2003-07-09,2003,7,9,9,3,"Ye",4.25,0.5,0.5,0.06,1.27,"0.19"
131845717,"Middle Settlement",2003-08-06,2003,8,6,10.2,3,"Ye",3.83,0.5,0.5,0.28,1.8,"0.13"
131845717,"Middle Settlement",2004-07-13,2004,7,13,8.9,4,"Ye",2.85,1.27,1.05,0.1,1.11,"0.13"
131845717,"Middle Settlement",2004-08-03,2004,8,3,10,0.5,"Ye",1.58,0.5,1.07,0.2,1.18,"0.13"
131845717,"Middle Settlement",2005-07-12,2005,7,12,10.5,3,"Ye",6.1,1.04,2.04,0.16,0.97,"0.52"
131845717,"Middle Settlement",2005-08-09,2005,8,9,10.4,3,"Ye",6.45,1.61,0.5,0.27,1.11,"0.21"
131845717,"Middle Settlement",2006-07-13,2006,7,13,9.9,3,"Ye",NA,1.44,1.54,0.29,1,"0.48"
131845717,"Middle Settlement",2006-08-09,2006,8,9,10.6,3,"Ye",4.94,5.53,1.36,0.19,3.96,"0.2"
131845717,"Middle Settlement",2007-07-12,2007,7,12,10.4,3,"Ye ",10.22,4.38,1.3,0.12,2.52,"0.13"
131845717,"Middle Settlement",2007-08-01,2007,8,1,10.1,2,"Ye",6.01,1.37,0.5,0.25,1.5,"0.33"
131845717,"Middle Settlement",2008-07-01,2008,7,1,9.9,2,"Ye",3.43,2.77,1.91,0.34,1.06,""
131845717,"Middle Settlement",2008-08-05,2008,8,5,10,4,"Ye",4.64,3.4,2.27,0.13,3.93,"0.13"
131844377,"Moss",1994-06-28,1994,6,28,13.2,4,"Ye",9,3.2,0.5,0.5,0.9,"0.13"
131844377,"Moss",1994-08-02,1994,8,2,14.1,4,"Ye",3,1.1,2.2,0.43,1.5,"0.05"
131844377,"Moss",1994-08-24,1994,8,24,13.2,6,"Ye",6.2,2.1,2.4,0.38,1.96,"0.11"
131844377,"Moss",1995-06-19,1995,6,19,13.8,3,"Ye",2.9,3.8,0.5,0.47,NA,"0.15"
131844377,"Moss",1995-08-09,1995,8,9,13,4,"Ye",2.2,2.3,1.5,1.1,1.29,"0.11"
131844377,"Moss",1995-09-13,1995,9,13,13.3,6,"Ye",2,3.58,1.89,0.31,1.25,"0.05"
131844377,"Moss",1996-06-25,1996,6,25,14,2,"Ye",5.63,1.8,2.32,0.57,1.75,"0.05"
131844377,"Moss",1996-07-15,1996,7,15,14,3,"Ye",4.77,0.5,1.94,0.55,1.94,"0.13"
131844377,"Moss",1996-08-20,1996,8,20,13.6,3,"Ye",3.76,0.5,1.76,0.44,0.96,"0.05"
131844377,"Moss",1997-07-15,1997,7,15,13.5,2,"Ye",6.5,1.4,1.8,0.36,1,"0.05"
131844377,"Moss",1997-08-19,1997,8,19,12.7,4,"Ye",4.6,1.2,2.5,0.37,0.6,"0.05"
131844377,"Moss",1998-07-13,1998,7,13,13.7,3,"Ye",3.38,1.38,3.55,0.36,1.61,"0.05"
131844377,"Moss",1998-08-18,1998,8,18,12.5,3,"Ye",3.8,2.6,3.22,0.4,1.9,"0.12"
131844377,"Moss",1999-06-30,1999,6,30,13,3,"Ye",5.17,2.23,1.65,0.35,1.06,"0.12"
131844377,"Moss",1999-08-23,1999,8,23,13.5,5,"Ye",3.47,1.93,2.22,0.27,1.71,"0.27"
131844377,"Moss",2000-07-13,2000,7,13,14,3,"Ye",5.08,2.78,1.46,0.32,0,"0.05"
131844377,"Moss",2000-08-23,2000,8,23,12.8,4,"Ye",5.24,4.96,3.35,0.26,5.52,"0.17"
131844377,"Moss",2001-07-18,2001,7,18,14,1,"Ye",3.67,2.52,1.8,0.29,1.13,"0.13"
131844377,"Moss",2001-08-07,2001,8,7,14.2,2,"Ye",3.42,1.8,3.16,0.31,1.97,"0.13"
131844377,"Moss",2002-08-14,2002,8,14,13.9,5,"Ye",5.27,2.81,1.6,0.28,1.9,"0.13"
131844377,"Moss",2002-09-17,2002,9,17,13.7,5,"Ye",3.91,2.64,1.74,0.28,3.58,"0.13"
131844377,"Moss",2003-07-15,2003,7,15,13,3,"Ye",4.35,1.98,1.37,0.3,1.55,"0.13"
131844377,"Moss",2003-09-05,2003,9,5,13.7,4,"Ye",4.86,1.48,1.66,0.28,3.49,"0.13"
131844377,"Moss",2004-07-06,2004,7,6,13.9,3,"Ye",3,0.5,1.77,0.33,1.75,"0.13"
131844377,"Moss",2004-08-11,2004,8,11,13.5,4,"Ye",2.77,2.65,3,0.31,3.24,"0.13"
131844377,"Moss",2005-07-20,2005,7,20,13.5,2,"Ye",2.98,0.5,1.69,0.32,1.75,"0.13"
131844377,"Moss",2005-08-17,2005,8,17,14,4,"Ye",3.57,3.27,1.15,0.25,3.99,"0.13"
131844377,"Moss",2006-07-17,2006,7,17,14.1,1,"Ye",3.3,2.02,3.21,0.29,1.51,"0.13"
131844377,"Moss",2006-08-16,2006,8,16,13.8,3,"Ye",4.02,3.18,1.17,0.3,3.3,"0.13"
131844377,"Moss",2007-07-13,2007,7,13,13.5,4,"Ye",3.71,1.63,11.24,0.49,1.62,"0.13"
131844377,"Moss",2007-07-31,2007,7,31,13.5,3,"Ye",4.54,4.03,1.12,0.39,2.31,"0.08"
131844377,"Moss",2008-06-30,2008,6,30,13,2,"Ye",3.43,3.98,1.7,0.42,3.12,"0.13"
131844377,"Moss",2008-08-06,2008,8,6,14,3,"Ye",3.91,2.88,1.91,0.05,3.15,"0.13"
131844377,"Moss",2010-07-07,2010,7,7,13.5,1,"Ye",7.23,4.4,1.82,0.22,1.31,"0.13"
131844377,"Moss",2010-08-12,2010,8,12,12.5,3,"Ye",12.41,2.77,1.49,0.19,2.9,""
131844377,"Moss",2011-07-13,2011,7,13,13.8,2,"Ye",4.28,12.3,2.68,0.25,5.56,"0.26"
131844377,"Moss",2011-08-09,2011,8,9,13,3,"Ye",4.26,2.5,1.54,0.27,2,"MDL"
131844377,"Moss",2012-07-10,2012,7,10,12.5,3,"Ye",2.794,3.17,1.271,0.236,1.94,"0.058"
131844377,"Moss",2012-08-07,2012,8,7,13.5,4,"Ye",3.436,3.98,0.381,0.424,3.54,"0.07"
131844377,"Moss",2003-08-13,2003,8,13,NA,NA,"Ye",3.83,1.21,0.5,0.27,3.73,"0.13"
131846580,"North",1994-08-31,1994,8,31,15.5,5,"Ye",3.1,3.1,0.5,0.34,2.17,"0.32"
131846580,"North",1994-06-29,1994,6,29,13.5,4,"Ye",1.1,2.5,0.5,0.57,0.19,"0.13"
131846580,"North",1994-07-27,1994,7,27,15.6,4,"Ye",4.5,2.8,1,0.51,0.95,"0.2"
131846580,"North",1995-06-19,1995,6,19,13.5,4,"Ye",1.1,2.1,NA,0.88,0.39,"0.05"
131846580,"North",1995-08-08,1995,8,8,15,7,"Ye",0.5,2.5,0.5,0.6,0.56,"0.25"
131846580,"North",1995-09-13,1995,9,13,15,9,"Ye",0.5,2.9,1.37,0.49,2.15,"0.65"
131846580,"North",1996-06-17,1996,6,17,16.5,2,"Ye",3.2,1.69,2.51,0.45,0.75,"0.11"
131846580,"North",1996-07-22,1996,7,22,15.6,4,"Ye",3.37,0.5,0.5,0.45,1.14,"0.2"
131846580,"North",1996-08-19,1996,8,19,16.3,4,"Ye",3.96,0.5,1.04,0.09,1.5,"0.23"
131846580,"North",1997-07-14,1997,7,14,15.5,4,"Ye",3.8,1.49,1.5,0.43,0.85,"0.13"
131846580,"North",1997-08-18,1997,8,18,14.7,6,"Ye",5,3.2,2.8,0.5,0.5,"0.44"
131846580,"North",1998-07-13,1998,7,13,15,3,"Ye",5.41,1.31,2.25,0.37,1.28,"0.25"
131846580,"North",1998-08-17,1998,8,17,15,3,"Ye",9.91,3.39,3.9,0.45,2.59,"0.4"
131846580,"North",1999-06-29,1999,6,29,14.3,3,"Ye",6.88,1.59,0.5,0.4,1.33,"0.2"
131846580,"North",1999-08-24,1999,8,24,13.8,6,"Ye",3.23,2.23,0.5,0.42,2.4,"0.55"
131846580,"North",2000-07-18,2000,7,18,15,5,"Ye",5.71,3.27,1.4,0.47,1.85,"0.17"
131846580,"North",2000-08-22,2000,8,22,15,6,"Ye",5.59,4.67,4.01,0.44,1.96,"0.5"
131846580,"North",2001-07-17,2001,7,17,15,4,"Ye",6.55,2.07,2.31,0.49,1.28,"0.13"
131846580,"North",2001-08-07,2001,8,7,14,2,"Ye",5.69,1.96,1.84,0.42,2.25,"0.28"
131846580,"North",2002-08-13,2002,8,13,13.5,3,"Ye",3.68,1.89,1.77,0.34,1.91,"0.35"
131846580,"North",2002-09-10,2002,9,10,13.3,5,"Ye",4.1,2.1,1.96,0.46,3.21,"0.69"
131846580,"North",2003-07-15,2003,7,15,14.5,4,"Ye",4.69,1.68,0.5,0.31,1.38,"0.13"
131846580,"North",2003-09-04,2003,9,4,14,7,"Ye",7.53,1.59,1.56,0.44,5.11,"0.63"
131846580,"North",2004-07-06,2004,7,6,14.5,4,"Ye",2.56,0.5,1.26,0.42,1.3,"0.13"
131846580,"North",2004-08-11,2004,8,11,15,4,"Ye",6.24,3.95,NA,0.45,2.24,"0.43"
131846580,"North",2005-07-19,2005,7,19,16,2,"Ye",3,0.5,1,0.41,1.98,"0.33"
131846580,"North",2005-08-16,2005,8,16,15.1,3,"Ye",4.68,3.41,1.65,0.36,4.55,"0.44"
131846580,"North",2006-07-18,2006,7,18,15.3,1,"Ye",6.44,3.73,1.42,0.37,1.13,"0.38"
131846580,"North",2006-08-16,2006,8,16,15.3,4,"Ye",8.05,5.08,2.11,0.4,2.31,"0.52"
131846580,"North",2007-07-11,2007,7,11,15,3,"Ye",4.53,1.89,1.1,0.26,2.24,"0.13"
131846580,"North",2007-07-30,2007,7,30,15,6,"Ye",3.12,5.42,0.5,0.52,2.06,"0.35"
131846580,"North",2008-07-02,2008,7,2,15,3,"Ye",3.14,2.29,1.96,0.39,3.27,"0.13"
131846580,"North",2008-08-07,2008,8,7,15.3,4,"Ye",4.96,2.44,1.91,0.17,4.52,"0.13"
131846580,"North",2010-07-07,2010,7,7,14.6,1,"Ye",7.99,4.16,1.1,0.3,7.08,"0.13"
131846580,"North",2010-08-11,2010,8,11,15.5,5,"Ye",3.65,3.42,2.28,0.27,3.49,""
131846580,"North",2011-07-11,2011,7,11,17.5,3,"Ye",5.64,3.6,5.96,0.5,3.33,"0.35"
131846580,"North",2011-08-08,2011,8,8,12.6,4,"Ye",5.61,2.72,1.81,0.29,6.92,"0.41"
131846580,"North",2012-07-10,2012,7,10,14.5,4,"Ye",5.702,0.365,1.6,0.621,7.26,"0.25"
131846580,"North",2012-07-10,2012,7,10,14.5,13,"Ye",6.827,3.96,3.413,0.743,0.42,"0.652"
131846580,"North",2012-08-06,2012,8,6,14,4,"Ye",4.05,4.56,0.381,0.435,7.45,"0.455"
131846580,"North",2003-08-12,2003,8,12,NA,NA,"Ye",4.69,2.5,1.85,0.45,1.99,"0.39"
132437639,"Queer",1994-06-20,1994,6,20,16.5,7,"Ye",2.5,1.3,1.9,0.42,1.89,"0.05"
132437639,"Queer",1994-07-25,1994,7,25,17,6,"Ye",4.8,1.1,0.5,0.4,4.12,"0.05"
132437639,"Queer",1994-08-23,1994,8,23,17.2,6,"Ye",2.6,1,1.7,0.36,1.09,"0.05"
132437639,"Queer",1995-06-13,1995,6,13,16.5,4,"Ye",2.5,1,1.1,1.46,0.29,"0.05"
132437639,"Queer",1995-08-15,1995,8,15,16,6,"Ye",2.7,0.5,0.5,0.71,0.56,"0.05"
132437639,"Queer",1995-09-06,1995,9,6,16.5,7,"Ye",2.63,0.5,1.3,0.32,0.93,"0.05"
132437639,"Queer",1996-06-18,1996,6,18,17.9,3,"Ye",2.07,0.5,0.5,0.47,0.27,"0.05"
132437639,"Queer",1996-07-18,1996,7,18,21.3,4,"Ye",2.01,1.07,1.11,0.43,1.19,"0.05"
132437639,"Queer",1996-08-15,1996,8,15,20.5,4,"Ye",2.61,0.5,1.18,0.48,1.14,"0.1"
132437639,"Queer",1997-07-08,1997,7,8,19.9,4,"Ye",4.2,1.41,1.3,0.52,0.54,"0.19"
132437639,"Queer",1997-08-12,1997,8,12,18.2,5,"Ye",3.3,0.5,1,0.5,0.6,"0.05"
132437639,"Queer",1998-07-08,1998,7,8,22,3,"Ye",2.94,NA,1.2,0.59,1.47,""
132437639,"Queer",1998-08-11,1998,8,11,20.2,4,"Ye",1.5,1,1.3,0.45,1.75,"0.05"
132437639,"Queer",1999-07-07,1999,7,7,20.8,4,"Ye",2.17,0.5,1.77,0.42,0.66,"0.1"
132437639,"Queer",1999-08-17,1999,8,17,22,6,"Ye",2.64,0.5,0.5,0.37,0.84,"0.27"
132437639,"Queer",2000-07-12,2000,7,12,20.2,5,"Ye",2.45,0.67,1.05,0.39,0.86,"0.05"
132437639,"Queer",2000-08-15,2000,8,15,19.7,5,"Ye",3.41,0.5,0.5,0.36,2.46,"0.18"
132437639,"Queer",2001-07-10,2001,7,10,19.8,4,"Ye",2.4,0.76,2.23,0.44,0.86,"0.13"
132437639,"Queer",2001-09-06,2001,9,6,21.3,6,"Ye",NA,1.5,1.95,0.37,0.98,"0.13"
132437639,"Queer",2002-09-12,2002,9,12,19.2,7,"Ye",1.89,0.5,1,0.34,1.43,"0.13"
132437639,"Queer",2002-09-19,2002,9,19,17.6,7,"Ye",2.4,1.54,1.58,0.33,1.26,"0.13"
132437639,"Queer",2003-07-09,2003,7,9,18,4,"Ye",2.23,0.5,1.6,0.38,0.68,"0.13"
132437639,"Queer",2003-08-06,2003,8,6,18.5,5,"Ye",1.94,0.5,1.03,0.48,0.99,"0.13"
132437639,"Queer",2004-07-13,2004,7,13,19.8,4,"Ye",1.93,0.5,0.5,0.37,0.91,"0.13"
132437639,"Queer",2004-08-03,2004,8,3,19.9,5,"Ye",2.28,0.5,1.04,0.35,1.57,"0.13"
132437639,"Queer",2005-07-12,2005,7,12,19.5,4,"Ye",2.15,1.04,1.46,0.41,1.22,"0.13"
132437639,"Queer",2005-08-09,2005,8,9,18.2,4,"Ye",2.87,1.69,0.5,0.3,1.48,"0.13"
132437639,"Queer",2006-07-13,2006,7,13,19.5,3,"Ye",2.23,1.59,1.4,0.25,1.53,"0.13"
132437639,"Queer",2006-08-09,2006,8,9,20.3,4,"Ye",2.61,1.25,1.53,0.29,1.36,"0.13"
132437600,"Raquette",1994-06-29,1994,6,29,3.2,2,"N",8.7,4.6,3.8,0.4,2.33,"0.36"
132437600,"Raquette",1994-08-02,1994,8,2,3,1.5,"Ye",9.9,2.2,NA,0.44,4.56,"0.49"
132437600,"Raquette",1994-08-30,1994,8,30,3.5,1,"Ye",5.7,5.1,6.2,0.29,3.18,"0.36"
132437600,"Raquette",1995-06-19,1995,6,19,3,1,"Ye",3.5,7.1,8.1,0.48,1.44,"0.41"
132437600,"Raquette",1995-08-07,1995,8,7,3.7,2,"Ye",12.4,3.43,6.9,0.6,6.04,"0.44"
132437600,"Raquette",1995-09-12,1995,9,12,3,2,"Ye",1.9,4.45,3.09,0.64,9.89,"0.13"
132437600,"Raquette",1996-06-25,1996,6,25,3,2,"N",2.64,3.16,3.07,0.52,6.89,"0.29"
132437600,"Raquette",1996-07-15,1996,7,15,2.8,1,"Ye",4.43,2.45,2.7,0.36,3.01,"0.27"
132437600,"Raquette",1996-08-19,1996,8,19,2.4,2,"N",13.44,2.91,4.78,0.66,3.25,"0.77"
132437600,"Raquette",1997-07-14,1997,7,14,2.8,1,"Ye",6.6,3.59,3.6,0.35,1.26,"0.34"
132437600,"Raquette",1997-08-19,1997,8,19,3.1,1,"Ye",12.4,3.5,4.2,0.57,2.9,"0.55"
132437600,"Raquette",1998-07-13,1998,7,13,3,2,"Ye",5.41,1.81,4.2,0.31,2.23,"0.51"
132437600,"Raquette",1998-08-10,1998,8,10,3,1,"Ye",10.42,4.13,6.35,0.5,2.79,"0.63"
132437600,"Raquette",1999-06-29,1999,6,29,3.3,1,"Ye",7.23,3.14,4.23,0.32,2.46,"0.57"
132437600,"Raquette",1999-08-23,1999,8,23,3,1,"Ye",6.01,2.91,16.61,0.48,4.49,"0.88"
132437600,"Raquette",2000-07-18,2000,7,18,2.9,1,"Ye",5.37,4.29,2.61,0.42,1.62,"0.48"
132437600,"Raquette",2000-08-22,2000,8,22,3.1,0,"Ye",7.83,5.46,4.01,0.46,1.09,"0.73"
132437600,"Raquette",2001-07-17,2001,7,17,2.9,0.5,"Ye",8.5,4.49,4.69,0.49,2.52,"0.67"
132437600,"Raquette",2001-08-07,2001,8,7,3.1,1,"Ye",11.06,3.18,6.63,0.85,2.5,"1.78"
132437600,"Raquette",2002-08-13,2002,8,13,2.8,1,"Ye",13.3,5.53,7.1,1.18,5.95,"3.59"
132437600,"Raquette",2002-09-10,2002,9,10,3,1,"Ye",19.13,5.76,6.43,1.51,6.2,"3.47"
132437600,"Raquette",2003-07-07,2003,7,7,3.2,1,"Ye",10.86,3.77,4.68,0.66,4.08,"1.63"
132437600,"Raquette",2003-09-03,2003,9,3,2.9,1,"Ye",17.2,5.28,4.26,1.24,17.14,"3.83"
132437600,"Raquette",2004-07-07,2004,7,7,2.9,1,"Ye",7.75,2.73,3.52,0.1,4.11,"0.92"
132437600,"Raquette",2004-08-10,2004,8,10,3.2,1,"Ye",9.87,8.17,4.3,0.8,5.74,"1.92"
132437600,"Raquette",2005-07-19,2005,7,19,3.1,1,"Ye",9.71,1.66,3.07,0.69,6.55,"1.52"
132437600,"Raquette",2005-08-16,2005,8,16,3,1,"Ye",10.03,8.62,3.64,0.78,12.84,"2.52"
132437600,"Raquette",2006-07-12,2006,7,12,3,1,"Ye",7.77,4.6,3.49,0.52,4.36,"0.99"
132437600,"Raquette",2006-08-15,2006,8,15,3,1,"Ye",15.78,NA,8.37,1.46,9.73,"3.77"
132437600,"Raquette",2003-08-12,2003,8,12,NA,NA,"Ye",18.9,NA,4.29,1.2,NA,"2.47"
131844719,"Rondaxe",1994-06-29,1994,6,29,9.6,4,"Ye",4.6,3.8,1.9,0.57,NA,"0.24"
131844719,"Rondaxe",1994-07-26,1994,7,26,7.5,4,"Ye",6.5,1.9,1.5,0.52,2.17,"0.21"
131844719,"Rondaxe",1994-08-30,1994,8,30,9,4,"Ye",3.5,2.9,2.5,0.32,NA,"0.11"
131844719,"Rondaxe",1995-06-20,1995,6,20,8.5,2,"Ye",10.8,3,5.6,0.61,1.68,"0.21"
131844719,"Rondaxe",1995-08-09,1995,8,9,8.8,5,"Ye",3.3,2.72,4.3,0.5,1.32,"0.12"
131844719,"Rondaxe",1995-09-13,1995,9,13,9.8,6,"Ye",3.87,5.28,2.23,0.33,3.19,"0.18"
131844719,"Rondaxe",1996-06-25,1996,6,25,10.5,3.2,"Ye",4.48,2.55,5.29,0.58,3.14,"0.25"
131844719,"Rondaxe",1996-07-15,1996,7,15,10.4,3,"Ye",4.24,2.11,1.77,0.48,2,"0.18"
131844719,"Rondaxe",1996-08-20,1996,8,20,9.5,3,"Ye",4.94,0.5,1.04,0.46,1.74,"0.23"
131844719,"Rondaxe",1997-07-15,1997,7,15,10.4,4,"Ye",4.7,1.23,2,0.46,1.02,"0.14"
131844719,"Rondaxe",1997-08-19,1997,8,19,9.7,4,"Ye",7.7,1.4,2.5,0.41,1.8,"0.16"
131844719,"Rondaxe",1998-07-14,1998,7,14,10.2,3,"Ye",4.56,1.68,2.58,0.39,2.52,"0.33"
131844719,"Rondaxe",1998-08-10,1998,8,10,9.3,4,"Ye",4.14,2.18,3.06,0.38,4.07,"0.21"
131844719,"Rondaxe",1999-06-30,1999,6,30,8.7,3,"Ye",5.69,1.9,2.33,0.39,1.87,"0.26"
131844719,"Rondaxe",1999-08-24,1999,8,24,10,5,"Ye",6.46,3.07,2.58,0.2,2.28,"0.24"
131844719,"Rondaxe",2000-07-13,2000,7,13,9.6,4,"Ye",5.78,2.15,2.67,0.32,4.24,"0.16"
131844719,"Rondaxe",2000-08-23,2000,8,23,8.9,5,"Ye",5.43,3.68,1.86,0.34,2.49,"0.29"
131844719,"Rondaxe",2001-07-18,2001,7,18,9.5,4,"Ye",5.71,1.46,1.97,0.38,NA,"0.13"
131844719,"Rondaxe",2001-08-08,2001,8,8,9,3,"Ye",4.82,0.5,1.68,0.25,2.01,"0.21"
131844719,"Rondaxe",2002-08-14,2002,8,14,9.7,4,"Ye",4.96,4.03,2.63,0.28,1.78,"0.28"
131844719,"Rondaxe",2002-09-12,2002,9,12,8.8,5,"Ye",3.08,0.5,1.33,0.23,2.34,"0.13"
131844719,"Rondaxe",2003-07-16,2003,7,16,10.5,3,"Ye",4.86,1.74,1.57,0.35,2.28,"0.32"
131844719,"Rondaxe",2003-09-04,2003,9,4,10.7,5,"Ye",4.36,1.59,1.49,0.31,2.68,"0.23"
131844719,"Rondaxe",2004-07-07,2004,7,7,9.5,3,"Ye",4.52,1.3,2.51,0.32,1.08,"0.25"
131844719,"Rondaxe",2004-08-10,2004,8,10,9.5,4,"Ye",3.43,2.49,3.32,0.27,2.62,"0.26"
131844719,"Rondaxe",2005-07-20,2005,7,20,8,2,"Ye",5.75,1.71,1.91,0.3,2.21,"0.34"
131844719,"Rondaxe",2005-08-17,2005,8,17,9.7,4,"Ye",4.85,2.87,2.15,0.18,4.68,"0.51"
131844719,"Rondaxe",2006-07-17,2006,7,17,10.4,2,"Ye",6.53,3.8,2.21,0.41,2.68,"0.36"
131844719,"Rondaxe",2006-08-16,2006,8,16,10.4,4,"Ye",4.28,3.01,1.17,0.28,2.74,"0.32"
131844719,"Rondaxe",2007-07-12,2007,7,12,4.2,3,"Ye",4.32,4.91,1.39,0.24,3.21,"0.13"
131844719,"Rondaxe",2007-07-31,2007,7,31,11,4,"Ye",4.89,4.19,1.08,0.3,2.65,"0.23"
131844719,"Rondaxe",2008-07-01,2008,7,1,9.5,3,"Ye",5.9,3.69,2.19,0.34,1.34,"0.13"
131844719,"Rondaxe",2008-08-04,2008,8,4,9.5,4,"Ye",5.11,0.5,4.43,0.25,5.52,"0.13"
131844719,"Rondaxe",2010-07-07,2010,7,7,9.6,7,"Ye",5.55,2.57,0.92,0.24,2.24,"0.13"
131844719,"Rondaxe",2010-08-12,2010,8,12,8.2,5,"Ye",2.03,6.12,3.39,0.19,3.74,""
131844719,"Rondaxe",2011-07-12,2011,7,12,8.8,2,"Ye",3.94,2.62,2.56,0.23,3.48,"0.4"
131844719,"Rondaxe",2011-08-10,2011,8,10,9.1,4,"Ye",3.66,3.2,1.05,0.2,1.87,"0.27"
131844719,"Rondaxe",2012-07-11,2012,7,11,9.5,3,"Ye",5.381,3.06,1.765,0.312,1.81,"0.324"
131844719,"Rondaxe",2012-08-08,2012,8,8,10.1,4,"Ye",3.906,4.15,0.381,0.387,4.26,"0.311"
131844719,"Rondaxe",2003-08-13,2003,8,13,NA,NA,"Ye",3.67,1.21,1.27,0.38,1.85,"0.13"
132437679,"Sagamore",1994-06-28,1994,6,28,21.3,4,"Ye",7,1.8,1.4,0.38,1.28,"0.14"
132437679,"Sagamore",1994-07-26,1994,7,26,21.1,3,"Ye",3.5,2.1,3.6,0.36,2.61,"0.17"
132437679,"Sagamore",1994-08-29,1994,8,29,22.5,4,"Ye",6,0.5,1.9,0.44,3.26,"0.22"
132437679,"Sagamore",1995-06-19,1995,6,19,21.5,3,"Ye",9,2.6,NA,0.95,0.88,"0.22"
132437679,"Sagamore",1995-08-07,1995,8,7,23,4,"Ye",7,1.18,7,0.05,1.26,"0.26"
132437679,"Sagamore",1995-09-12,1995,9,12,20.7,6,"Ye",1.3,1.79,3.09,0.44,0.92,"0.32"
132437679,"Sagamore",1996-06-17,1996,6,17,20.5,6,"Ye",5.25,3.09,1.63,0.58,0.99,"0.19"
132437679,"Sagamore",1996-07-15,1996,7,15,21.3,2,"Ye",4.96,0.5,4.42,0.41,1.54,"0.18"
132437679,"Sagamore",1996-08-19,1996,8,19,20.5,3,"Ye",6.72,0.98,2.65,0.46,1.78,"0.2"
132437679,"Sagamore",1997-07-15,1997,7,15,22,2,"Ye",5.6,1.88,3.2,0.54,0.62,"0.29"
132437679,"Sagamore",1997-08-19,1997,8,19,20.8,2,"Ye",7.2,2.3,3.7,0.46,1.5,"0.31"
132437679,"Sagamore",1998-07-13,1998,7,13,19.5,3,"Ye",9.81,1.6,4.04,0.55,2.81,"0.24"
132437679,"Sagamore",1998-08-18,1998,8,18,21,2,"Ye",12.4,3.94,12.43,0.52,5.6,"0.38"
132437679,"Sagamore",1999-06-29,1999,6,29,19.9,2,"Ye",2.95,2.67,3.71,0.39,1.8,"0.33"
132437679,"Sagamore",1999-08-23,1999,8,23,20.5,4,"Ye",6.82,5.05,4.01,0.54,4.52,"0.48"
132437679,"Sagamore",2000-07-18,2000,7,18,20.5,2,"Ye",6.23,4.44,2.61,0.42,1.61,"0.39"
132437679,"Sagamore",2000-08-22,2000,8,22,21.4,6,"Ye",6.97,5.85,6.11,0.4,2.87,"0.59"
132437679,"Sagamore",2001-07-17,2001,7,17,20.9,1,"Ye",6.13,2.07,6.38,0.44,1.15,"0.28"
132437679,"Sagamore",2001-08-07,2001,8,7,20,2,"Ye",6.83,1.96,3.83,0.37,4.08,"0.36"
132437679,"Sagamore",2002-08-13,2002,8,13,20,5,"Ye",5.93,3,3.66,0.27,0.88,"0.32"
132437679,"Sagamore",2002-09-10,2002,9,10,19.5,5,"Ye",4.58,1.78,3.26,0.31,1.69,"0.35"
132437679,"Sagamore",2003-07-07,2003,7,7,20.5,2,"Ye",3.4,1.27,2.36,0.32,0.27,"0.18"
132437679,"Sagamore",2003-08-04,2003,8,4,20.9,1,"Ye",5.72,1.42,3.07,0.46,2.38,"0.38"
132437679,"Sagamore",2004-07-07,2004,7,7,21,3,"Ye",3.35,0.5,3.86,0.3,2.04,"0.13"
132437679,"Sagamore",2004-08-10,2004,8,10,21.5,4,"Ye",5.08,5.5,3.65,0.43,2.18,"0.44"
132437679,"Sagamore",2005-07-19,2005,7,19,21,1,"Ye",7.69,0.5,3.93,0.43,2.59,"0.43"
132437679,"Sagamore",2005-08-16,2005,8,16,17.2,3,"Ye",7.52,4.44,4.91,0.39,2.77,"0.44"
132437679,"Sagamore",2006-07-12,2006,7,12,20,2,"Ye",6.87,3.87,4.33,0.44,5.98,"0.49"
132437679,"Sagamore",2006-08-15,2006,8,15,20,4,"Ye",NA,4.45,3.53,0.46,7.45,"0.46"
132437679,"Sagamore",2007-07-10,2007,7,10,20.5,3,"Ye",6.5,1.7,3.8,0.54,3.99,"0.13"
132437679,"Sagamore",2007-07-30,2007,7,30,20.5,2,"Ye",4.41,4.61,3.08,0.54,2.06,"0.24"
132437679,"Sagamore",2008-07-01,2008,7,1,20,2,"Ye",11.84,3.61,2.03,0.17,1.62,"0.13"
132437679,"Sagamore",2008-08-05,2008,8,5,21,4,"Ye",10.6,1.89,4.23,0.2,2.77,"0.13"
132437679,"Sagamore",2010-07-06,2010,7,6,20,1,"Ye",4.14,3.4,2.3,0.42,1.93,"0.13"
132437679,"Sagamore",2010-08-18,2010,8,18,21.5,3,"Ye",8.24,4.5,3.57,0.23,2.68,"0.35"
132437679,"Sagamore",2011-07-14,2011,7,14,20,3,"Ye",5.33,4.29,3.61,0.52,2.51,"0.41"
132437679,"Sagamore",2011-08-10,2011,8,10,22,4,"Ye",7.33,7.1,3.43,0.35,3.81,"0.41"
132437679,"Sagamore",2012-07-11,2012,7,11,21.5,3,"Ye",7.724,3.21,4.401,0.42,3.45,"0.366"
132437679,"Sagamore",2012-08-08,2012,8,8,21,3,"Ye",9.764,6.25,2.686,0.544,9.86,"0.461"
131846593,"South",1994-08-31,1994,8,31,17.5,9,"Ye",4.3,1.4,2,0.8,NA,"0.05"
131846593,"South",1994-06-30,1994,6,30,19.5,6,"Ye",1.4,2.6,1.7,0.6,0.94,"0.05"
131846593,"South",1994-07-27,1994,7,27,19.3,6,"Ye",3,1.8,1.5,0.5,1.65,"0.05"
131846593,"South",1995-06-19,1995,6,19,17.5,5,"Ye",2.2,2.1,1.1,0.61,0.71,"0.05"
131846593,"South",1995-08-08,1995,8,8,18,8,"Ye",9.1,2,0.5,0.6,0.77,"0.13"
131846593,"South",1995-09-13,1995,9,13,17.7,10,"Ye",4.44,5.45,7.05,NA,1.4,"0.22"
131846593,"South",1996-06-17,1996,6,17,18,3,"Ye",3.57,1.69,0.5,0.62,0.29,"0.05"
131846593,"South",1996-07-15,1996,7,15,18.6,5,"Ye",3.02,0.5,0.5,0.53,0.98,"0.05"
131846593,"South",1996-08-19,1996,8,19,18.9,6,"Ye",3.16,0.5,0.5,0.49,0.81,"0.05"
131846593,"South",1997-07-14,1997,7,14,19.2,6,"Ye",3.1,1.49,1.1,0.46,0.55,"0.05"
131846593,"South",1997-08-18,1997,8,18,19.1,7,"Ye",3.2,0.5,1.1,0.48,0.6,"0.05"
131846593,"South",1998-07-13,1998,7,13,18.5,5,"Ye",3.89,1.2,1.12,0.55,0.73,"0.05"
131846593,"South",1998-08-17,1998,8,17,19,7,"Ye",7.37,2,2.12,0.47,1.11,"0.05"
131846593,"South",1999-06-29,1999,6,29,18.5,6,"Ye",3.81,0.5,1.48,0.53,0.63,"0.1"
131846593,"South",1999-08-23,1999,8,23,19.5,8,"Ye",2.25,1.73,1.43,0.33,1.23,"0.05"
131846593,"South",2000-07-18,2000,7,18,19,7,"Ye",3.82,0.5,1.22,0.42,1.66,"0.05"
131846593,"South",2000-08-22,2000,8,22,19,9,"Ye",5.08,3.67,1.86,0.4,2.52,"0.13"
131846593,"South",2001-07-17,2001,7,17,19,8,"Ye",4.1,1.92,1.13,0.41,1.51,"0.13"
131846593,"South",2001-08-07,2001,8,7,19,9,"Ye",2.93,1.65,1.21,0.42,2.15,"0.13"
131846593,"South",2002-08-13,2002,8,13,19,7,"Ye",6.02,2.05,2.46,0.35,2.14,"0.13"
131846593,"South",2002-09-10,2002,9,10,19,8,"Ye",3.37,1.62,1.08,0.34,1.5,"0.13"
131846593,"South",2003-07-15,2003,7,15,17.5,6,"Ye",3.57,1.07,1.2,0.32,0.84,"0.13"
131846593,"South",2003-08-12,2003,8,12,19,7,"Ye",2.69,2.5,0.5,0.4,1.45,"0.13"
131846593,"South",2004-07-06,2004,7,6,19.5,5,"Ye",2.39,0.5,1.67,0.18,2,"0.13"
131846593,"South",2004-08-11,2004,8,11,19,7,"Ye",3.52,1.83,9.5,0.37,1.86,"0.13"
131846593,"South",2005-07-19,2005,7,19,19.1,4,"Ye",3.31,0.5,0.5,0.35,1.42,"0.13"
131846593,"South",2005-08-16,2005,8,16,19.7,6,"Ye",2.67,2.23,0.5,0.34,2.9,"0.13"
131846593,"South",2006-07-18,2006,7,18,19.5,4,"Ye",4.26,2.58,1.62,0.38,1.16,"0.13"
131846593,"South",2006-08-15,2006,8,15,19.8,6,"Ye",4.35,2.76,0.5,0.27,4.05,"0.13"
131846593,"South",2007-07-11,2007,7,11,18.3,6,"Ye",3.04,2.63,0.67,0.47,0.25,"0.13"
131846593,"South",2007-07-30,2007,7,30,19,7,"Ye",3.4,5.21,0.5,0.51,2.46,"0.11"
131846593,"South",2008-07-02,2008,7,2,19.1,6,"Ye",2.13,1.81,1.44,0.26,2.49,"0.13"
131846593,"South",2008-08-07,2008,8,7,19.5,7,"Ye",4.61,1.92,1.02,0.31,2.68,"0.13"
131846593,"South",2010-07-06,2010,7,6,19,8,"Ye",4.2,2.51,0.41,0.46,2.34,"0.13"
131846593,"South",2010-08-11,2010,8,11,19.6,8,"Ye",0.57,1.41,1.8,0.05,3.68,"0.13"
131846593,"South",2011-07-11,2011,7,11,19.3,4,"Ye",2.739,3.02,2.979,0.344,2,"0.21"
131846593,"South",2011-08-08,2011,8,8,19.5,7,"Ye",4.77,8.33,1.635,0.303,4.9,"0.11"
131846593,"South",2012-07-10,2012,7,10,19.4,6,"Ye",5.851,2.66,0.381,0.378,3.75,"0.13"
131846593,"South",2012-08-06,2012,8,6,21.6,6,"Ye",2.706,2.83,0.381,0.334,6.14,"0.111"
131843739,"Squash",1994-06-20,1994,6,20,4.8,3,"Ye",3.5,2.8,0.5,0.35,5.21,"0.35"
131843739,"Squash",1994-07-25,1994,7,25,5.3,2,"Ye",16.8,3.2,8.6,0.44,3.91,"0.53"
131843739,"Squash",1994-08-23,1994,8,23,5.1,2,"Ye",12.3,3,1.9,1.79,1.54,"0.2"
131843739,"Squash",1995-06-13,1995,6,13,4.6,2,"Ye",10.1,6.2,3.5,0.54,0.46,"0.21"
131843739,"Squash",1995-08-15,1995,8,15,4.7,2,"Ye",6.8,0.5,4.7,1.92,1.32,"0.17"
131843739,"Squash",1995-09-06,1995,9,6,5,3,"Ye",2.99,0.5,3.51,0.34,1.69,"0.16"
131843739,"Squash",1996-06-18,1996,6,18,5.8,1,"Ye",5.42,1.78,2.98,0.41,1.79,"0.26"
131843739,"Squash",1996-07-18,1996,7,18,5,1,"Ye",7.43,2.14,3.2,0.57,1.16,"0.28"
131843739,"Squash",1996-08-15,1996,8,15,5,1,"Ye",12.64,1.05,7.61,1.07,4.87,"0.3"
131843739,"Squash",1997-07-08,1997,7,8,4.9,1.5,"Ye",11,3.88,4.9,0.55,1.6,"0.33"
131843739,"Squash",1997-08-12,1997,8,12,4.5,1,"Ye",14.7,1.8,5,0.62,NA,"0.3"
131843739,"Squash",1998-07-08,1998,7,8,4.8,1,"Ye",11.6,0.5,4.62,0.58,0.81,"0.5"
131843739,"Squash",1998-08-11,1998,8,11,4.8,1,"Ye",11.03,1.67,5.9,0.56,2.62,"0.37"
131843739,"Squash",1999-07-08,1999,7,8,4.5,1,"Ye",7.98,0.5,7.98,0.38,2.14,"0.62"
131843739,"Squash",1999-08-17,1999,8,17,4.7,1,"Ye",6.78,0.5,9.67,0,1.72,"0.42"
131843739,"Squash",2000-07-12,2000,7,12,5.1,1,"Ye",12.54,1.16,5.39,0.48,1.84,"0.35"
131843739,"Squash",2000-08-15,2000,8,15,4.5,1,"Ye",6.53,1.46,5.8,0.43,3.31,"0.45"
131843739,"Squash",2001-07-10,2001,7,10,4.8,2,"Ye",9.81,1.69,3.5,0.49,1.72,"0.26"
131843739,"Squash",2001-09-06,2001,9,6,4.7,3,"Ye",7.08,2.3,3.16,0.39,2.38,"0.27"
131843739,"Squash",2002-09-12,2002,9,12,5,3,"Ye",5.47,1.6,2.91,0.37,2.49,"0.13"
131843739,"Squash",2002-09-18,2002,9,18,4.5,2,"Ye",7.76,1.83,2.91,0.41,1.99,"0.13"
131843739,"Squash",2003-07-10,2003,7,10,5,1,"Ye",7.68,1.34,2.24,0.49,1.68,"0.31"
131843739,"Squash",2003-08-07,2003,8,7,4.2,1,"Ye",13.95,1.37,4.29,0.69,4.33,"0.28"
131843739,"Squash",2004-07-21,2004,7,21,4.7,1,"Ye",5.54,2.09,3.19,0.48,3.65,"0.43"
131843739,"Squash",2004-08-04,2004,8,4,4.7,1,"Ye",10.66,3.6,2.42,0.52,2.68,"0.35"
131843739,"Squash",2005-07-13,2005,7,13,5.3,1,"Ye",13.33,2.58,3.69,0.4,4.86,"0.55"
131843739,"Squash",2005-08-10,2005,8,10,4.7,1,"Ye",16.68,4.06,5.39,0.54,3.93,"0.37"
131843739,"Squash",2006-07-14,2006,7,14,5,1,"Ye",10.17,2.05,2.13,0.49,3.73,"0.47"
131843739,"Squash",2006-08-11,2006,8,11,4.8,1.5,"Ye",9.43,2.01,4.61,0.48,3.23,"0.45"
131845641,"Squaw",1994-06-28,1994,6,28,5.8,5,"N",3.9,1.2,2.7,0.4,2.39,"0.05"
131845641,"Squaw",1994-08-02,1994,8,2,6,5,"N",5.1,2.4,1.9,0.4,3.91,"0.11"
131845641,"Squaw",1994-08-31,1994,8,31,5.9,5,"N",NA,4.5,NA,0.29,3.47,"0.05"
131845641,"Squaw",1995-06-20,1995,6,20,5.9,5,"N",11.1,3,2.5,0.64,0.99,"0.05"
131845641,"Squaw",1995-08-08,1995,8,8,6,5,"N",NA,4.71,3,0.4,4.1,"0.05"
131845641,"Squaw",1995-09-14,1995,9,14,5.2,4,"N",7.86,4.11,2.58,NA,5.3,"0.05"
131845641,"Squaw",1996-06-26,1996,6,26,6.5,3,"Ye",6.73,2.56,2.32,1.19,6.48,"0.05"
131845641,"Squaw",1996-07-23,1996,7,23,6.5,4,"Ye",3.2,2.08,2.84,0.34,0.71,"0.05"
131845641,"Squaw",1996-08-21,1996,8,21,6.2,5,"N",5.34,2.47,0.5,0.34,1.19,"0.05"
131845641,"Squaw",1997-07-14,1997,7,14,6.4,4,"Ye",9,3.11,1.3,0.41,1.88,"0.05"
131845641,"Squaw",1997-08-18,1997,8,18,6,5,"N",6.8,2.1,2,0.33,3.7,"0.1"
131845641,"Squaw",1998-07-14,1998,7,14,6.2,4,"Ye",4.72,1.53,2.43,0.21,1.82,"0.05"
131845641,"Squaw",1998-08-12,1998,8,12,6.7,4,"Ye",6.36,1.48,2.06,NA,6.61,"0.05"
131845641,"Squaw",1999-07-06,1999,7,6,6.2,3,"Ye",7.09,2.03,2.5,0.26,2.94,"0.09"
131845641,"Squaw",1999-08-16,1999,8,16,5.7,5,"N",5.8,1.32,4.44,0.28,3.47,"0.05"
131845641,"Squaw",2000-07-11,2000,7,11,6.7,5,"Ye",8.98,1.93,1.4,0.26,6.61,"0.05"
131845641,"Squaw",2000-08-14,2000,8,14,6.6,5,"Ye",5,2.27,0.5,0.17,8.48,"0.17"
131845641,"Squaw",2001-07-09,2001,7,9,6.7,4,"Ye",7.15,2.54,2.4,0.36,3.12,"0.13"
131845641,"Squaw",2001-09-05,2001,9,5,6.6,5,"N",5.88,2.91,2.31,0.31,5.81,"0.14"
131845641,"Squaw",2002-08-22,2002,8,22,6.6,5,"Ye",5.85,2.83,1.61,0.27,1.9,"0.03"
131845641,"Squaw",2002-09-19,2002,9,19,5.7,5,"N",4.58,1.87,2.24,0.31,1.55,"0.13"
131845641,"Squaw",2003-07-09,2003,7,9,6.7,4,"Ye",4.32,1.34,1.88,0.26,1.95,"0.13"
131845641,"Squaw",2003-08-06,2003,8,6,6.9,3,"Ye",11.18,1.03,1.54,0.45,3.93,"0.13"
131845641,"Squaw",2004-07-13,2004,7,13,6.7,4,"Ye",4.86,1.74,1.89,0.34,2.56,"0.13"
131845641,"Squaw",2004-08-03,2004,8,3,6.5,3,"Ye",8.98,0.5,5.17,0.3,2.08,"0.13"
131845641,"Squaw",2005-07-11,2005,7,11,6.5,4,"Ye",5.07,0.5,2.04,0.22,1.99,"0.13"
131845641,"Squaw",2005-08-08,2005,8,8,6.4,4,"Ye",6.45,2.85,1.18,0.23,2.68,"0.13"
131845641,"Squaw",2006-07-13,2006,7,13,7.5,3,"Ye",5.81,2.21,1.07,0.25,5.86,"0.13"
131845641,"Squaw",2006-08-09,2006,8,9,6.7,4,"Ye",7.27,1.86,1.53,0.19,3.46,"0.13"
131845641,"Squaw",2007-07-17,2007,7,17,6.5,5,"Ye",4.86,2.55,0.5,0.39,9.38,"0.13"
131845641,"Squaw",2007-08-02,2007,8,2,6.5,3,"Ye",7.94,4.27,1.29,0.3,3.37,"0.06"
131845641,"Squaw",2008-07-02,2008,7,2,6.6,4,"Ye",4.09,1.65,1.96,0.4,2.31,"0.13"
131845641,"Squaw",2008-08-07,2008,8,7,6.5,5,"Ye",3.4,1.97,1.38,0.3,3.87,"0.13"
131845641,"Squaw",2010-07-14,2010,7,14,5.5,3,"Ye",5.72,1.35,1.82,0.12,6.27,"0.13"
131845641,"Squaw",2010-08-10,2010,8,10,5.7,5,"N",4.3,2.09,1.65,0.14,5.08,"0.13"
131845641,"Squaw",2011-07-19,2011,7,19,6.5,3,"Ye",6.15,2.02,2.03,0.213,2.18,"0.18"
131845641,"Squaw",2011-08-17,2011,8,17,6.8,5,"Ye",9.16,4.23,0.72,0.161,2.99,"0.17"
131845641,"Squaw",2012-07-19,2012,7,19,6.5,4,"Ye",8.756,3.9,1.93,0.188,4.9,"0.03"
131845641,"Squaw",2012-08-14,2012,8,14,4.8,4.5,"N",7.673,4.3,2.123,0.296,4.11,"0.144"
131844064,"West",1994-06-30,1994,6,30,4,3,"N",13,5.5,1.1,0.4,6.16,"0.34"
131844064,"West",1994-07-25,1994,7,25,4.2,1.5,"Ye",16.4,4.8,3.6,0.45,7.82,"0.39"
131844064,"West",1994-08-23,1994,8,23,4,2,"Ye",7.7,8.8,1.8,0.51,NA,"0.27"
131844064,"West",1995-06-13,1995,6,13,4.5,3,"Ye",2.2,6.2,2.8,0.52,1.3,"0.23"
131844064,"West",1995-08-15,1995,8,15,4.1,2,"Ye",11.7,3.86,3,5.53,3.58,"0.24"
131844064,"West",1995-09-06,1995,9,6,4,3,"N",2.48,3.17,2.82,0.42,3.53,"0.25"
131844064,"West",1996-06-18,1996,6,18,4.3,1,"Ye",4.71,2.08,3.17,0.41,2.25,"0.28"
131844064,"West",1996-07-18,1996,7,18,4.2,1,"Ye",14.07,4.26,8.06,0.74,3.3,"0.52"
131844064,"West",1996-08-15,1996,8,15,4.1,1,"Ye",12.86,7.5,8.5,1.03,19.32,"0.7"
131844064,"West",1997-07-10,1997,7,10,4.1,2,"Ye",12.2,3.13,4.3,0.55,9.54,"0.27"
131844064,"West",1997-08-12,1997,8,12,3.9,2,"Ye",10.5,1.6,4.3,0.48,1.4,"0.37"
131844064,"West",1998-07-08,1998,7,8,4.1,2,"Ye",10.08,1.59,3.26,0.42,5.56,"0.41"
131844064,"West",1998-08-11,1998,8,11,4.1,1,"Ye",8.5,2.05,2.59,0.4,4.55,"0.45"
131844064,"West",1999-07-07,1999,7,7,3.6,2,"Ye",5.77,2.71,4.32,0.23,7.04,"0.69"
131844064,"West",1999-08-17,1999,8,17,3.8,1,"Ye",9.25,1.56,6.76,0.46,3.21,"0.45"
131844064,"West",2000-07-12,2000,7,12,4.4,2,"Ye",11.67,2.31,5.39,0.49,5.24,"0.53"
131844064,"West",2000-08-15,2000,8,15,4.4,2,"Ye",6.7,2.88,3.85,0.46,4.29,"0.73"
131844064,"West",2001-07-10,2001,7,10,4.2,1,"Ye",10.71,2.94,2.61,0.41,18.08,"0.26"
131844064,"West",2001-09-06,2001,9,6,3,2.5,"N",9.64,3.7,3.85,0.46,4.01,"0.58"
131844064,"West",2002-09-12,2002,9,12,4,2,"Ye",12.43,3.5,2.52,0.44,4.43,"0.13"
131844064,"West",2002-09-19,2002,9,19,4,3,"N",9.77,3.51,2.41,0.51,4.27,"0.48"
131844064,"West",2003-07-10,2003,7,10,3.8,2,"Ye",8.4,2.26,1.4,0.23,2.62,"0.37"
131844064,"West",2003-08-07,2003,8,7,4,2,"Ye",10.01,2.06,1.48,0.4,4.3,"0.28"
131844064,"West",2004-07-21,2004,7,21,4,1,"Ye",13.29,2.73,1.77,0.47,3.15,"0.13"
131844064,"West",2004-08-04,2004,8,4,4,1.5,"Ye",16.56,2.74,3.45,0.53,5.49,"0.55"
131844064,"West",2005-07-13,2005,7,13,4.5,1,"Ye",9.2,2.11,2.71,0.37,2.68,"0.56"
131844064,"West",2005-08-10,2005,8,10,3.5,2,"Ye",10.51,5.89,2.05,0.41,7.08,"0.47"
131844064,"West",2006-07-14,2006,7,14,4.6,2,"Ye",9.15,3.44,1.79,0.46,2.64,"0.63"
131844064,"West",2006-08-11,2006,8,11,4,2,"Ye",12.93,3.24,2.77,0.5,6.05,"0.7"
47723283,"Willis",1994-08-31,1994,8,31,2.5,2,"N",9,3.4,1.5,0.32,6.3,"0.21"
47723283,"Willis",1994-06-28,1994,6,28,2.7,2,"N",14.5,3.8,3.5,0.27,NA,"0.12"
47723283,"Willis",1994-07-27,1994,7,27,2.5,2,"N",14.5,4.1,3.6,0.38,11.72,"0.18"
47723283,"Willis",1995-06-21,1995,6,21,2.4,2,"N",13.1,3.5,4.6,0.62,5.63,"0.14"
47723283,"Willis",1995-08-09,1995,8,9,2.6,2,"N",8.89,3.92,4,1.08,NA,"0.17"
47723283,"Willis",1995-09-12,1995,9,12,2.5,2,"N",6.8,1.94,3.26,0.38,2.23,"0.11"
47723283,"Willis",1996-06-17,1996,6,17,3,2.5,"N",7.5,17.09,1.82,0.34,2.37,"0.05"
47723283,"Willis",1996-07-22,1996,7,22,2.7,2,"N",9.74,1.04,1.94,0.21,2.18,"0.14"
47723283,"Willis",1996-08-19,1996,8,19,2.7,2,"N",9.29,0.5,2.29,0.32,2.57,"0.1"
47723283,"Willis",1997-07-14,1997,7,14,2.6,2,"N",9,2.95,2,0.2,3.67,"0.11"
47723283,"Willis",1997-08-18,1997,8,18,2.6,2,"N",10.1,1.2,4.6,0.34,2.1,"0.17"
47723283,"Willis",1998-07-13,1998,7,13,2.6,2,"N",8.18,0.5,3.05,0.37,4.31,"0.16"
47723283,"Willis",1998-08-10,1998,8,10,2.7,2,"N",6.47,2.4,4.66,0.31,2.59,"0.14"
47723283,"Willis",1999-06-29,1999,6,29,2.6,2,"N",7.64,1.79,3.54,0.33,6.42,"0.13"
47723283,"Willis",1999-08-23,1999,8,23,2.4,2,"N",12.53,2.3,4.22,0.32,3.96,"0.14"
47723283,"Willis",2000-07-18,2000,7,18,2.8,2,"N",8.64,2.87,2.09,0.35,4.93,"0.14"
47723283,"Willis",2000-08-22,2000,8,22,2.6,2,"N",6.62,4.18,2.17,0.3,6.17,"0.19"
47723283,"Willis",2001-07-17,2001,7,17,2.5,2,"N",8.76,2.07,1.8,0.26,3.35,"0.13"
47723283,"Willis",2001-08-07,2001,8,7,2.5,2,"N",8.3,1.96,3.18,0.27,2.82,"0.13"
47723283,"Willis",2002-08-13,2002,8,13,2.3,2,"N",10.74,2.05,2.26,0.26,2.62,"0.13"
47723283,"Willis",2002-09-24,2002,9,24,2.7,2,"N",11.39,1.75,3.58,0.3,3.46,"0.13"
47723283,"Willis",2003-07-15,2003,7,15,2.5,2,"N",7.04,1.98,2.62,0.19,5.49,"0.13"
47723283,"Willis",2004-07-06,2004,7,6,2.5,2,"N",6.16,7.18,1.89,0.23,6.11,"0.13"
47723283,"Willis",2004-08-11,2004,8,11,2.6,2,"N",7.23,3.65,5.25,0.38,4.46,"0.13"
47723283,"Willis",2005-07-19,2005,7,19,2.5,2,"N",5.4,0.5,1.98,0.24,3.21,"0.13"
47723283,"Willis",2005-08-16,2005,8,16,2.5,2,"N",8.03,2.41,1.49,0.19,6.17,"0.13"
47723283,"Willis",2006-07-18,2006,7,18,2.7,1,"Ye",6.27,3.27,2.88,0.21,1.74,"0.3"
47723283,"Willis",2006-08-15,2006,8,15,2.9,2,"N",8.32,2.85,2.28,0.27,3.65,"0.13"
47723283,"Willis",2003-08-12,2003,8,12,NA,NA,"N",7.26,NA,1.85,0.27,6.73,"0.17"
133099321,"Willys",1994-06-20,1994,6,20,10.2,9.5,"N",3.4,1.7,3.4,0.71,0.41,"0.05"
133099321,"Willys",1994-07-27,1994,7,27,10,5,"Ye",3.5,1.4,1.5,0.6,0.68,"0.05"
133099321,"Willys",1994-08-24,1994,8,24,9.7,9,"N",2.4,1.1,4.8,0.42,0.38,"0.05"
133099321,"Willys",1995-06-14,1995,6,14,12,5,"Ye",2.2,NA,0.5,0.64,0.38,"0.05"
133099321,"Willys",1995-08-16,1995,8,16,9.4,9,"N",1.4,1.8,0.5,0.56,0.56,"0.05"
133099321,"Willys",1995-09-07,1995,9,7,12,11,"N",1.62,1.08,1,0.75,0.52,"0.05"
133099321,"Willys",1996-06-19,1996,6,19,12.2,2,"Ye",3.01,2.06,0.5,0.65,1.46,"0.05"
133099321,"Willys",1996-07-16,1996,7,16,11,4,"Ye",2.66,1.24,1.29,0.72,0.87,"0.05"
133099321,"Willys",1996-08-14,1996,8,14,12.1,5,"Ye",1.82,1.02,1.54,0.53,0.36,"0.05"
133099321,"Willys",1997-07-08,1997,7,8,12.1,5,"Ye",2.7,1.11,0.5,0.64,0.69,"0.05"
133099321,"Willys",1997-08-14,1997,8,14,11.5,7,"Ye",4.3,0.5,0.5,0.57,0.8,"0.05"
133099321,"Willys",1998-07-08,1998,7,8,12.1,0.4,"Ye",3.11,1.05,1.37,0.62,1.28,"0.05"
133099321,"Willys",1998-08-12,1998,8,12,11.5,6,"Ye",1.3,0.5,1.61,0.42,1.14,"0.05"
133099321,"Willys",1999-07-07,1999,7,7,12.7,6,"Ye",1.48,0.5,0.5,0.38,0.55,"0.06"
133099321,"Willys",1999-08-17,1999,8,17,12.1,10,"Ye",2.64,0.5,0.5,0.3,0.79,"0.05"
133099321,"Willys",2000-07-12,2000,7,12,12.1,5,"Ye",4.17,0.51,0.5,0.36,1.37,"0.05"
133099321,"Willys",2000-08-15,2000,8,15,12.2,5,"Ye",2.18,1.14,0.5,0.32,1.14,"0.11"
133099321,"Willys",2001-07-10,2001,7,10,11.3,5,"Ye",3.76,1.85,0.5,0.43,1.03,"0.13"
133099321,"Willys",2001-09-06,2001,9,6,11.7,9,"Ye",2.66,1.3,0.5,0.3,0.77,"0.13"
133099321,"Willys",2002-09-13,2002,9,13,9,7,"N",3.57,1.33,0.5,0.37,0.44,"0.03"
133099321,"Willys",2002-09-18,2002,9,18,11.9,9,"Ye",3.07,1.03,1.91,0.37,1.15,"0.13"
133099321,"Willys",2003-07-09,2003,7,9,11.5,4,"Ye",3.04,0.5,0.5,0.35,1.47,"0.13"
133099321,"Willys",2003-08-06,2003,8,6,12.3,6,"Ye",2.18,0.5,2.46,0.41,1.15,"0.13"
133099321,"Willys",2004-07-13,2004,7,13,11.3,5,"Ye",2.22,1.58,1.33,0.44,0.82,"0.13"
133099321,"Willys",2004-08-03,2004,8,3,12.5,5,"Ye",1.53,0.5,0.5,0.38,1.27,"0.13"
133099321,"Willys",2005-07-12,2005,7,12,12,5,"Ye",2.15,0.5,1.98,0.45,0.6,"0.13"
133099321,"Willys",2005-08-09,2005,8,9,12.1,7,"Ye",2.07,1.17,0.5,0.31,0.82,"0.13"
133099321,"Willys",2006-07-13,2006,7,13,13.1,4,"Ye",1.42,1.59,0.5,0.29,1.17,"0.13"
133099321,"Willys",2006-08-10,2006,8,10,12.1,5,"Ye",2.03,1.1,0.5,0.22,1.42,"0.13"
131844009,"Windfall",1994-06-20,1994,6,20,5.6,5,"N",6.8,2.5,0.5,0.6,2.61,"0.05"
131844009,"Windfall",1994-07-25,1994,7,25,5.7,3,"Ye",9.8,2.2,5,0.56,1.54,"0.05"
131844009,"Windfall",1994-08-23,1994,8,23,5.3,5,"N",9.5,2.3,1.6,0.51,3.91,"0.05"
131844009,"Windfall",1995-06-13,1995,6,13,5.3,3,"Ye",15,5.6,6.8,1.15,2.56,"0.05"
131844009,"Windfall",1995-08-15,1995,8,15,5.5,4,"Ye",6.8,2.4,1.4,2.67,6.41,"0.05"
131844009,"Windfall",1995-09-06,1995,9,6,5.3,5,"N",6.6,2.2,2.1,NA,10.21,"0.05"
131844009,"Windfall",1996-06-18,1996,6,18,6.1,2,"Ye",4,2.53,1,0.65,0.54,"0.05"
131844009,"Windfall",1996-07-18,1996,7,18,5.7,3,"Ye",6.38,2.31,2.68,0.53,2.27,"0.05"
131844009,"Windfall",1996-08-15,1996,8,15,5.4,4,"Ye",5.72,1.73,1.59,0.43,4.26,"0.05"
131844009,"Windfall",1997-07-10,1997,7,10,5.6,4,"Ye",8.5,1.68,2.2,0.52,3.69,"0.05"
131844009,"Windfall",1997-08-12,1997,8,12,5.7,4,"Ye",7.5,1.6,2.6,0.56,2.1,"0.05"
131844009,"Windfall",1998-07-08,1998,7,8,5.7,2,"Ye",6.66,1.05,1.71,0.59,2.29,"0.17"
131844009,"Windfall",1998-08-11,1998,8,11,5.7,3,"Ye",NA,2.51,2.68,0.43,3.19,"0.05"
131844009,"Windfall",1999-07-07,1999,7,7,5.8,3,"Ye",5.24,1.96,2.63,0.51,2.53,"0.07"
131844009,"Windfall",1999-08-17,1999,8,17,15.1,4,"N",7.14,1.33,2.72,0.31,3.46,"0.28"
131844009,"Windfall",2000-07-12,2000,7,12,5.7,4,"Ye",5.2,0.51,2.78,0.43,2.4,"0.05"
131844009,"Windfall",2000-08-15,2000,8,15,5.6,4,"Ye",6.05,1.62,5.3,0.4,3.14,"0.11"
131844009,"Windfall",2001-07-10,2001,7,10,5.3,3,"Ye",6.81,5.89,2.06,0.57,2.76,"0.13"
131844009,"Windfall",2001-09-06,2001,9,6,5.7,5,"N",6.74,2.6,1.78,0.35,5.23,"0.13"
131844009,"Windfall",2002-08-28,2002,8,28,5.5,4,"Ye",6.34,2.14,1.61,0.31,4.27,"0.13"
131844009,"Windfall",2002-09-24,2002,9,24,5.5,5,"N",7.2,3.18,2.08,0.33,8.14,"0.13"
131844009,"Windfall",2003-07-10,2003,7,10,5.9,2,"Ye",6.23,2.26,1.77,0.45,3.9,"0.13"
131844009,"Windfall",2003-08-07,2003,8,7,6.1,2,"Ye",5.03,1.37,1.48,0.35,4.96,"0.13"
131844009,"Windfall",2004-07-21,2004,7,21,6,3,"Ye",3.39,2.73,1.53,0.36,6.42,"0.13"
131844009,"Windfall",2004-08-04,2004,8,4,5.7,3,"Ye",3.85,3.74,3.97,0.29,7.36,"0.13"
131844009,"Windfall",2005-07-13,2005,7,13,5.7,3,"Ye",8.35,3.04,3,0.47,5.77,"0.13"
131844009,"Windfall",2005-08-10,2005,8,10,5.6,3,"Ye",7.26,4.48,1.49,0.35,7.01,"0.13"
131844009,"Windfall",2006-07-14,2006,7,14,6.1,2,"Ye",6.34,2.67,2.23,0.37,3.71,"0.13"
131844009,"Windfall",2006-08-10,2006,8,10,5.9,2,"Ye",5.19,2.17,1.18,0.29,4.24,"0.13"
